slug,platform,title,doc_type,version_or_date,url,permitted_use,ai_training_rights,field_of_use,territory,term_duration,exclusivity,sublicensing,derivatives_and_model_outputs,attribution,audit_rights,deletion_on_termination,warranties_by_provider,consent_and_release_warranty,indemnity,liability_cap,payment_and_revenue_share,takedown_and_erasure,governing_law,change_of_terms,prohibited_uses
doc-adobe-stock-contributor,adobe-stock,Adobe Stock Contributor Agreement — Additional Terms to Adobe General Terms of Use,contributor_agreement,"Effective as of February 16, 2024. Replaces all prior versions.",https://wwwimages2.adobe.com/content/dam/cc/en/legal/servicetou/Adobe_Stock_Contributor_Agreement_Addl_Terms_en_US_20240216.pdf,"Contributor licenses Adobe to use, reproduce, display, perform, distribute, index, translate and modify the Work to run the site, license it to users, develop new features and services, archive and protect it, and (for discretionary pay) to market Adobe; users/partners may share on social media and via an API partner programme.","Not addressed expressly: no mention of AI, machine learning, training, fine-tuning, evaluation, dataset redistribution or model outputs; the only possible hook is Adobe's own perpetual, royalty-free licence for 'developing new features and services', with no AI-specific payment; what users may do with Works for AI is left to Adobe's User Agreements, not in this document.","Any media or embodiment and any subject matter, except pornographic or illegal uses (contributor waives objection); Adobe may treat Work as editorial-use-only, which can be accepted without releases.","Worldwide, both for Adobe's licence and for sublicences to users.","Perpetual licences; contributor may end the Additional Terms on 90 days' written notice, Adobe without notice; licences already granted survive.","Non-exclusive in both directions: contributor to Adobe, and Adobe's sublicences to users; the document offers no exclusive licence route.","Adobe may sublicense use, reproduction, display, distribution and modification to users under its own User Agreements, and let users and authorised third parties share Works; API partners facilitate sales.",User licences may include modifying and creating derivative works and selling merchandise incorporating the Work; modified Work limited to the uses allowed for the original; silent on model outputs.,"No attribution duty: Adobe and users may but need not credit the creator, users are not obliged to credit in commercial use, metadata may be changed; Adobe may use the contributor's name and marks in marketing.",,No deletion duty on Adobe: after termination it may keep the Work for internal archival and reference use; licences already granted to users and Adobe survive.,"Contributor warrants ownership of or rights to the Work (including privacy, publicity and moral rights), non-infringement, no misleading/illegal/defamatory content, authority when submitting for other owners, and truthfulness for editorial Work; warranties survive termination.","Contributor warrants it holds valid model/property releases similar to Adobe's standard forms for every identifiable person, logo or protected property, and must hand copies to Adobe on request; editorial-only Work may be accepted without releases; nothing requires releases to reach buyers.","Contributor indemnifies Adobe, its affiliates, partners, licensees and licensors including users against claims from submitted Works, site use or breach; no cap stated; Adobe controls the defence and may offset against royalties; survives termination.","No cap stated here; Adobe excludes liability to contributors for users' breach of User Agreements or third-party misuse, for metadata changes and for representatives' advice, and gives no revenue warranty; any general cap is in the General Terms.","Adobe pays per licence sale, net of cancellations/returns/refunds, at rates on a separate help page it can change unilaterally; nothing for free content, promotions, trials or watermarked versions, discretionary for marketing use, none if terminated for cause; tax withheld; indemnity amounts offset; post-termination licence fees still paid.","Contributor may remove Work any time (bulk removals over 100 items/10% in 90 days need 90 days' notice); affiliates' copies removed within 60 days on reasonable efforts, with new licences possible until then; licences already sold survive, so buyers keep their copies, and comp holders may still convert.",,"Terms replace all prior versions and apply to Works uploaded under earlier versions; Adobe may change Pricing and Payment Details unilaterally, accepted by continuing to upload or not removing Works; Guidelines incorporated by reference.",User Agreements bar pornographic or illegal use of Works; contributors may not download content to inflate download counts or trigger payments.
doc-aws-dsa,aws-data-exchange,Data Subscription Agreement for AWS Marketplace,buyer_licence,2022-07-14 (date in the published file name; the document text itself is undated),https://aws-mp-standard-contracts.s3.amazonaws.com/Data-Subscription-Agreement-for-AWS-Marketplace-2022-07-14.pdf,"Provider licenses Subscriber, its Affiliates and their Users (incl. contractors) to receive, retain, use and modify the Data and create Derived Data, subject to the DSA Offer; all other rights reserved; Third Party Data may carry narrower rights.","Not named: no clause on training, fine-tuning, evaluation or model outputs; building models is permitted only implicitly as Derived Data ('models', 'algorithms'), owned by Subscriber; redistributing the Data itself is barred; any AI limits must come from the DSA Offer.",No field-of-use limit in the DSA beyond its listed restrictions (no service-bureau use); each DSA Offer or Third Party Terms may add restrictions.,"Worldwide, subject to US export-control and embargo restrictions.","Runs until the Subscription concludes; Subscriber may cancel any time (refund per Offer); either party for uncured material breach (30 days); Provider may suspend/terminate without refund for law, non-cooperation with investigation, or security incidents.",Nonexclusive licence; the DSA offers no exclusivity.,"No sale, sublicence, lending or third-party access; use only by Subscriber's Affiliates and Users, for whom Subscriber is liable; licence nontransferable, agreement assignable without consent only to Affiliates or an acquirer.","Subscriber owns Derived Data (analytics, tools, models, algorithms) except any Data embedded in it; Derived Data excludes unmodified Data; Provider gets no rights in it; distributing a material subset of the Data inside it is still barred.",No attribution duty; Subscriber must keep Provider's and its licensors' trademark and copyright notices intact; no publicity naming the other party without consent.,"No audit right; Provider may suspend/terminate without refund if Subscriber does not cooperate with a reasonable breach investigation, and Subscriber must report unauthorised use or disclosure.","On termination/expiry use rights end; within 90 days Subscriber removes the Data from its AWS account and other systems, and destroys other copies only if Provider instructs; Derived Data is not named in the deletion duty; confidentiality survives.","Provider warrants any personal data is already lawfully public and not sensitive, malware scanning, and no copyleft-type terms; remedy is correction, then termination with prorated refund in 30 days; no warranty of accuracy, completeness or fitness.","Provider bears consent risk: warrants any identifying data is already lawfully public and contains no sensitive data (incl. biometric, precise geolocation), and indemnifies for missing consents/rights and privacy or publicity claims; no release documents go to the buyer.","One-way: Provider indemnifies Subscriber and Affiliates for personal-data warranty breaches, missing rights/consents, IP/publicity/privacy infringement, unlawful Data and missing disclosures; uncapped; excludes Subscriber modifications or misuse; backed by USD 5M insurance.","Mutual cap at the greater of 3x Subscriber Spend (trailing 12 months) or USD 1M; no indirect/consequential damages; uncapped for indemnity, confidentiality breach, gross negligence, wilful misconduct, fraud, violation of law; breach-notice costs deemed direct; AWS bears no liability.","Fees, rates and refund policy are set in each DSA Offer; the DSA fixes refunds only for warranty failure (prorated) and infringement; no revenue share or AWS fee is stated.","No takedown or data-subject erasure mechanism; for infringing Data Provider modifies/replaces it or either party terminates with refund; Provider may suspend if law requires; buyer deletes only on termination (90 days), otherwise keeps downloaded copies.",New York law; exclusive forum in state and federal courts in Manhattan; CISG excluded.,No unilateral changes: amendments only in a writing signed by both parties; precedence amendment > DSA > DSA Offer; Subscriber's AWS Customer Agreement and Service Terms prevail over all.,"No redistribution or third-party access, sale or sublicence, reverse engineering, consultant/service-bureau use, re-identification of de-identified data, or export to embargoed countries."
doc-bee-maps-tos,bee-maps,Bee Terms of Service,contributor_agreement,Last Updated: Q4 2025,https://beemaps.com/tos,"Bee Maps (not the device owner) holds the rights: it owns Beekeeper data under an exclusive licence and may use it to improve products, build features, train ML models and for any other lawful business purpose; for non-Beekeeper devices it owns the data outright with the right to use, license, distribute or sell it.","Beekeeper data: Bee Maps itself may train machine-learning models; onward sublicensing, distribution or sale to third parties is stated only for aggregated or anonymized data. Non-Beekeeper data: owned outright with rights to use, license, distribute or sell (ML not named). Fine-tuning, evaluation and model-output rights are not mentioned; the device owner gets no training rights.",Unrestricted for Bee Maps: 'any other lawful business purpose' for Beekeeper data.,,"The Beekeeper exclusive licence runs for the user's time on the platform 'and thereafter', so it does not end when the user leaves; non-Beekeeper data is owned outright with no end date.",Exclusive to Bee Maps: device owner grants an exclusive licence (Beekeeper) or Bee Maps owns the data (default); the owner keeps no stated right to license it elsewhere. Nothing on exclusivity offered to Bee Maps' own data buyers.,"Bee Maps may sublicense, distribute or sell Beekeeper data to third parties when aggregated or anonymized; for non-Beekeeper data it may license, distribute or sell without that qualifier.",Bee Maps owns any derivative data products created from Beekeeper data and related metadata; model outputs are not mentioned.,,,No deletion on exit: the Beekeeper licence continues after use ends ('and thereafter'); no clause lets the device owner recall or delete collected data.,The device owner/user is solely responsible for content it makes available and must not upload content it has no right to upload or that infringes; it also warrants export-control compliance. Bee Maps warrants only the hardware (one-year manufacturing defects) and otherwise provides it as is.,"No consent or release warranty from anyone: the user is only barred from uploading content that poses a privacy risk to any person; Bee Maps says default-mode imagery is privacy-blurred, while Beekeeper data is expressly not anonymized as to drivers, and no driver or bystander consent is required or warranted.","One-way, uncapped: the user indemnifies Bee Maps for misuse of the Goods and injury, death or property damage from the user's negligence or wrongful act; Bee Maps gives no indemnity (none for data or IP claims).","Bee Maps' aggregate liability is capped at the cost of the goods and services ordered that relate to the damages; consequential damages, lost profits and lost-data damages excluded.",No payment or revenue share for data in this document; any rewards for operating a Bee are governed by the separate Hivemapper Mapping Network Terms (tokens or USDC are not mentioned here).,Bee Maps may remove offending content from the Service and terminate accounts; nothing on user or data-subject erasure requests or on copies already licensed or sold to third parties.,Inconsistent: Miscellaneous names California law and San Francisco courts; the entity-user section names New York law with confidential AAA arbitration in New York; individuals go to AAA consumer arbitration with a class-action waiver.,Terms apply 'as amended from time to time' with no notice mechanism stated; only changes to the individual arbitration agreement can be rejected within 30 days; firmware may add or remove features.,"User may not upload infringing, unauthorised or privacy-risk content, may not scrape or data-mine the Service, may not resell the Goods, and may not use Goods or Services for prohibited export-control end uses."
doc-cdla-permissive-2,,"Community Data License Agreement – Permissive, Version 2.0",licence_template,Version 2.0 (licence text undated; site footer reads Copyright © 2017 The Linux Foundation),https://cdla.dev/permissive-2-0/,"Any recipient may use, modify and share the Data, subject only to the agreement's terms; public-domain portions, and uses allowed by other legal exceptions, are not restricted at all.","Training is not named, but the grant covers any use and modification, and 'Results' (any outcome of computational analysis, expressly including machine learning models and models' insights) carry no restriction or obligation. Training, fine-tuning, evaluation, model redistribution and output use are therefore all unrestricted; redistributing the Data itself only requires the licence text to go with it.","No field-of-use limit: the grant is general (use, modify, share), with no commercial/non-commercial or sector restriction stated.",,,,"No sublicence mechanism. Recipients may share the Data (modified or not) onward if they include the agreement text, and anyone receiving it 'directly or indirectly' from a provider becomes a Data Recipient on the same terms.","Modification is allowed and modified Data can be shared on the same condition (agreement text included). Results, including ML models and their insights, are free of any restriction or obligation, so they need no attribution or licence text and are not copyleft.","The only condition on sharing Data is to make the text of the agreement available with it. There is no separate attribution or notice-retention duty, and none at all for Results.",,,"None. The Data is provided 'as is', and warranties of title, non-infringement, merchantability and fitness for purpose are expressly disclaimed.",,,"Providers have no liability at all (a cap of zero) for direct, indirect, incidental, special, exemplary or consequential damages, including lost profits, arising from the Data or the Results, on any theory. Recipient liability is not addressed.",,,,,
doc-datarade-tos,datarade,Terms of Service,marketplace_terms,"Last updated on January 9, 2026",https://datarade.ai/company/terms-of-service,"The ToS license only use of the Datarade platform, for business purposes only (browsing listings, contacting Sellers, reviews); what a buyer may do with a data Product is left entirely to the separate Customer-Seller agreement, and copying anything off-platform needs a Seller's agreement.",,Business use only: any private or non-business use of Datarade is prohibited and the operator may demand evidence of business capacity; no field-of-use terms for data Products.,,"Open-ended platform agreement from registration; the Customer may terminate at any time, the operator for cause with reasons given 30 days ahead (shorter for serious or repeated breach); the content-hosting licence lasts for the agreement, the Reviews licence is perpetual and irrevocable.","Only the platform-access right is addressed, and it is non-exclusive and non-transferable; the ToS say nothing about exclusive rights in data Products.","The Customer may not license, sublicense, sell or share its Customer Account, even with affiliates; the operator may let Sellers copy Reviews for display elsewhere. Sublicensing of data Products is not addressed.",Covers the platform only: the Customer may not modify Datarade or create derivative works of it; derivatives of data Products and model outputs are not addressed.,,,"The operator deletes Customer Content 30 days after termination (the Customer must download it first), unless it is legally bound to retain it. Separately, each party must destroy or return the other's Confidential Information (which is defined to include the Products offered on Datarade) and certify this in writing, subject to legal and backup exceptions.","No warranty about data Products from anyone: the operator warrants only that the platform works substantially as described, both parties give corporate reps (authority, anti-bribery, sanctions), and Sellers promise compliance with law and Publishing Policies to the operator under a separate Seller Agreement, not to buyers in these ToS.",,"One-way and uncapped: every Customer (buyer or Seller) indemnifies Monda Labs and its affiliates, directors and employees against alleged third-party IP infringement from Content it posted, alleged breaches of law (notably data protection and export control) and breaches of account and use restrictions; the Customer controls defence and settlement. The operator indemnifies no one.","No monetary cap: the operator is liable in negligence only for breach of essential obligations, limited to foreseeable contract-typical damage; all other liability excluded; claims time-barred after 12 months; no liability for suspensions. German-law carve-outs: injury to life, limb or health, wilful misconduct or gross negligence, guarantees and mandatory law. The Customer's liability is not limited.","Customers (buyers) pay Datarade nothing; they pay Sellers for Products under their own agreements with them. The operator takes no commission in these ToS; Sellers need an active subscription to maintain provider pages, with Seller fees left to the Seller Agreement.","DSA notice-and-action: anyone can report unlawful content electronically, and the operator decides promptly and may demote, disable or remove it or suspend the account (including for Seller breach of Publishing Policies). Nothing covers data-subject erasure or copies a buyer already holds, which fall under the Customer-Seller agreement.","German law, CISG excluded; courts of Berlin (Landgericht Berlin) have exclusive jurisdiction after a mandatory 60-day attempt at amicable settlement.","The operator may amend the ToS only on important grounds, with written notice at least six weeks ahead, never in a way that unreasonably disadvantages the Customer, and the Customer gets a special termination right; platform features can change at the operator's sole discretion with notice.","No private or non-business use; no sharing or sublicensing of accounts; no modifying or copying the platform off-site without a Seller's agreement; no infringing or unlawful material; no malware or disruption; no use that breaks the law, including data protection law; competitors' employees are barred as Users."
doc-defined-ai-dla,defined-ai,Data License Agreement,buyer_licence,"effective as of November 30th, 2022",https://defined.ai/data-license-agreement,"Internal business use only, for the Licensee's own benefit; commercialising the Data itself (free or paid) is excluded; anything not expressly authorised is prohibited.","Training, testing and benchmarking models is allowed and the resulting models may be commercialised, only while the Data itself is not made available and the model does not output recognisable Contributor content (e.g. recognisable TTS voices, avatars); no redistribution of the Data; fine-tuning is not named separately.","Data is described as assets for training/testing speech, NLP, computer vision and other models; usage capped at Exhibit A limits, extra use needs written agreement and extra fees.",No territorial limit on the grant; US export-control compliance and approvals required before making the Data available outside the US.,"Runs from the Effective Date until terminated; either side (including Defined.ai) may end it on 60 days' notice without cause, or at once for uncured breach (30 days); not perpetual.",Non-exclusive only.,"Non-sublicensable and non-transferable; no disclosure, sale, sublicence, publication or other making available to third parties without Defined.ai's written authorisation; no assignment without consent.",Trained models may be commercialised but must not output recognisable Contributor content; the published text bars copying or modifying the Data and publishing any compilation or directory derived from it.,No credit requirement; Licensee must not remove proprietary notices included in the Data.,Defined.ai may audit the Licensee's records at its own expense on reasonable notice; Licensee keeps records during the Term plus two years.,"On termination the buyer must stop using and delete, destroy or return all copies and certify deletion in writing (clause cross-refers to 'Section 7b', a drafting slip for 8b); no refund.","None: Data is provided as is; Defined.ai disclaims all warranties including title, non-infringement, accuracy and completeness.",,"Defined.ai indemnifies the buyer against third-party claims that Permitted Use infringes US IP or data-protection rights (conditional on notice and Defined.ai controlling defence; excludes combination with non-Defined.ai data and breach of use restrictions; sole IP remedy); buyer indemnifies Defined.ai for negligence, wilful misconduct and unauthorised use. Defined.ai's side is subject to the overall fees-paid cap.","Defined.ai's aggregate liability capped at total amounts paid to it, limited to proven direct damages, notwithstanding any other provision; consequential damages excluded for Defined.ai only; no cap on the buyer.",Buyer pays fees to Defined.ai; usage beyond Exhibit A limits carries extra fees set by Defined.ai; delivery may be suspended after 15 days' unpaid undisputed amounts; no refund on termination. No revenue share or contributor payment terms in this document.,"No data-subject erasure pass-through; on an infringement or data-protection claim Defined.ai may modify/replace the material, obtain rights, or terminate for the affected part immediately, after which the buyer must delete its copies; parties cooperate on data-protection obligations.",Washington State law; exclusive jurisdiction of federal or state courts in Seattle / King County.,No unilateral change: amendments only in writing signed by both parties.,"No resale, sublicensing or redistribution; no reverse engineering or deriving compilation methods; no removing notices; no derived compilations/directories; no unlawful use under privacy law; no infringing use; no recognisable Contributor output from models."
doc-defined-ai-supplier,defined-ai,Supplier Program - General Terms & Conditions,provider_agreement,undated (no version or date printed; page footer (c) 2026 DefinedCrowd),https://defined.ai/supplier-program,Supplier grants Defined.ai a free licence to share submitted data samples with Defined.ai's customers only to gauge interest and seek business; the full dataset licence is left to a separate Data License Agreement.,,,Worldwide (sample showcase licence).,"Starts when the supplier submits the application form (or signs, if earlier) and runs until terminated: 60 days' notice for convenience, or immediately for material breach uncured within 30 days; commitments survive termination.","Non-exclusive both ways with no minimum commitment, but the supplier may not go around Defined.ai to deal directly with a customer Defined.ai named to it, for 12 months after the GT&C end.",,,,"Defined.ai may audit the supplier for Supplier Program compliance at most once a calendar year (more often if material breach is suspected), on 15 business days' written notice, in business hours.","Only Confidential Information must be returned, with all copies, within 10 calendar days of the relationship ending or on request; nothing says what happens to data samples already shared with customers.","Supplier warrants that samples infringe no Defined.ai or third-party IP, privacy, publicity or contractual rights, that it holds the right to make them available, that they are lawful and malware-free, and that they are representative of its datasets; it is solely accountable for their legal and technical conformity.","No express consent or model-release warranty; the only coverage of people depicted is the supplier's warranty that SAMPLES do not infringe third-party privacy or publicity rights. Consent evidence is sought through Defined.ai's dataset-level ethical questionnaires, not a warranty.","One-way: the supplier defends and indemnifies Defined.ai, its affiliates, licensors, service providers and their personnel against third-party claims from the supplier's breach of the GT&C; any Defined.ai obligations are deferred to the Data License Agreement.",Supplier's indemnity liability capped at 2x the total value of business done between the parties under the GT&C; Defined.ai disclaims all liability for content the supplier provides.,"No price, commission or revenue share is set; no minimum business on either side; if the supplier circumvents Defined.ai, Defined.ai is entitled on demand to all fees arising from the breach.",,"Laws of the State of Washington (USA); after a 30-day management negotiation, exclusive jurisdiction of federal or state courts in King County, Washington; prevailing party recovers attorneys' fees.","Amendment only with both parties' written consent, though Defined.ai reserves a right to revalidate the NDA terms when the Data License Agreement is signed.","Supplier must not submit malware or damaging code, content infringing third-party IP or trade secrets, or unlawful, defamatory, harassing, fraudulent or obscene content; each party may use the other's confidential information only for the relationship."
doc-elra-var,elra-elda-catalogue,Language Resources Value-Added-Reseller Agreement (VAR),licence_template,Date: 21/01/2022 (Agreement Ref. No. LC/ELDA/VAR/2022/000/NAME),http://www.elra.info/media/filer_public/2022/01/21/var_220121.pdf,"Reproduce/adapt as needed for agreed use; rework and build upon the resources for the VAR's own internal R&D and technology development at its named site; commercially distribute derivative products or services, but never the data itself.","Training implied, not named: VAR may rework/build upon the data internally (so may train models in-house), but may not make available to third parties any Language Model based on any part of the data, even when mixed into a larger dataset, nor products that let third parties extract such models; fine-tuning, evaluation and model-output rights are not addressed separately.","Internal language-engineering research and technology development, plus commercial derivative products/services (VAR's own commercialisation policy); no sector limits.","Rights are worldwide, but use and access are tied to the single site named in Exhibit B (relocation allowed with notice to ELDA within 30 days).",Perpetual; the template contains no termination clause.,Non-exclusive right to distribute derivative products; no exclusivity offered.,No sublicensing or transfer of the data; rights non-transferable except to a successor on acquisition/merger; VAR cannot bind ELDA.,"Derivative products/services may be sold non-exclusively, provided they do not expose a substantial part of the data, do not allow reconstruction of it, and do not hand third parties models trained on it; VAR gains no ownership in the data.","Mandatory citation of ELDA and the resource (name, ELRA catalogue URL, ISLRN, ELRA ID) in scholarly literature; no use of ELDA's name implying endorsement.",,,"None: ELDA and the owners give no accuracy, completeness, merchantability or fitness warranty; data is 'as is with all defects'.",,,"Mutual exclusion of all liability for direct, consequential or indirect loss (effectively zero cap for both sides); owners also disclaim responsibility for consequences of use.","VAR pays ELDA a one-off 'compensation' set in Exhibit C (amount not in the template); rights otherwise royalty-free, so no revenue share on derivative products.",,French law; exclusive jurisdiction of the Tribunal de commerce de Paris after attempted amicable settlement.,,"No public release of all or a substantial part of the data (including free/open-source), no products allowing reconstruction, no sharing of models trained on it, no access from another site, no implied endorsement."
doc-futurebeeai-licence,futurebeeai,Data Usage & Licensing Policy (published as 'AI Data License Agreement'),buyer_licence,Last Updated: Feb 2025,https://www.futurebeeai.com/policies/ai-data-license-agreement,"Only the listed approved uses: AI/ML training and testing, academic research without public redistribution, product development, internal analytics, internal annotation/enrichment; anything else needs FutureBeeAI's written approval; a signed agreement overrides the policy.","Training, validating and testing AI models is expressly permitted (standard licence names AI/ML training); fine-tuning and benchmarking are not named separately; resulting models belong to the Buyer only so long as the original dataset is not exposed, distributed or shared; no redistribution of the data in any form; samples are evaluation-only before purchase; model outputs are not addressed.","Any lawful field within the approved use cases, excluding discriminatory AI, illegal surveillance and 'unethical' applications; no sector restriction otherwise.",,,Standard licence is non-exclusive and FutureBeeAI may sell the same dataset to others; an Exclusive License (no other party gets the dataset) is available by separate agreement and pricing; custom-collected data can be exclusive or non-exclusive per contract.,"Not permitted: the licence is non-transferable and non-sublicensable, and resale, sharing or sublicensing of the dataset is prohibited.","Insights, models and products derived from the dataset belong to the Buyer, conditional on not exposing or sharing the original data; internal annotation/enrichment allowed; an altered dataset may not be resold as a derivative dataset; FutureBeeAI keeps ownership of the dataset itself.",,,FutureBeeAI may terminate immediately for violation; the Buyer must then delete all copies of the dataset; silent on whether models trained before termination survive.,"FutureBeeAI gives no warranty of any kind in the policy; the only quality remedy is that a Buyer whose dataset misses agreed specifications may request a resolution, with no guaranteed refund.",,,,No prices in the policy; no refund once a dataset is accessed or downloaded; refund before download at FutureBeeAI's discretion; exclusive licences priced by separate agreement.,,"Laws of India; arbitration seated in Ahmedabad, Gujarat, unless otherwise agreed.",FutureBeeAI may change the policy unilaterally at any time; material changes notified by email or website; continued use of the dataset is acceptance; a signed agreement overrides the policy.,"No resale, sharing, sublicensing or public/open-source distribution; no discriminatory AI, illegal surveillance or unethical use; no resale of altered derivative datasets; no use violating GDPR/CCPA etc.; no ownership claims; breach allows immediate termination, damages action and blacklisting."
doc-getty-eula,getty-images,Content License Agreement,buyer_licence,Last Updated: April 2026,https://www.gettyimages.in/eula,"RF: unlimited use in any media, perpetual, worldwide, by the purchaser (and its employer/client if bought on their behalf); RM/RR limited to the selected use; 30-day free comp use.","None granted. No ML/AI use of content or metadata; 'Training' (develop, fine-tune, evaluate, incl. indirectly via a third-party AI tool) is excluded; only internal AI archiving/search/indexing and permitted editing of creative content allowed; no face-recognition use; training needs go to a sales rep.","Editorial content limited to descriptive/news use and barred from commercial, advertising and merchandising; RM/RR limited to the specific use, medium, period, print run and territory selected.",RF worldwide; RM/RR limited to the territory selected.,RF perpetual; RM/RR limited to the period selected; ends on termination for breach.,Non-exclusive: Getty Images can license the same content to other customers.,"Non-transferable and non-sublicensable; employer/client of purchaser may use; RF limited to 10 users in one legal entity (UltraPack lifts this); raw file only within the entity and its subcontractors, who must be bound by the agreement.","Editing permitted (editorial only for technical quality) but warranties and indemnity exclude licensee modifications; no model derivatives since training is barred; outputs of Getty's own AI Generator are covered by the Section 10(b) indemnity unless the user's prompts/inputs include real people, marks or art.",Credit required for editorial use (adjacent or in production credits); not required for commercial use.,"Getty Images may demand sample end uses (incl. paywall access), audit the licensee's records itself or via a third party, and recover audit costs if underpayment is 5% or more; it also monitors downloads.","On termination for breach the licensee must stop use, delete or destroy all copies and confirm in writing on request.","Getty Images (not the supplier) warrants no copyright/moral-rights infringement for use as delivered, excluding 'access only'/'handout' content and licensee modifications; otherwise 'as is'; no warranty on captions or metadata.","Getty Images warrants no privacy/publicity violation for non-editorial RF content, and for RM/RR only where it notifies that a model/property release exists; no releases for editorial content; no warranty on depicted people otherwise; licensee indemnifies for failing to obtain a required release; release documents are not provided under the text.","Mutual: licensee indemnifies Getty for out-of-scope use, breach and missing releases; Getty indemnifies licensee for breach of its Section 9 warranties, excluding licensee modifications, context of use and continued use after notice of a claim; also extends to Getty AI Generator output.",Excludes lost profits and indirect/consequential damages; no monetary cap on liability or indemnity was found in the text as read.,Licensee pays fees plus all taxes; 1.5%/month late charge; no refunds after 30 days or for subscriptions; auto-renewing subscriptions; no revenue share in this buyer-side document.,"Getty may stop licensing any item at will; on a possible infringement claim it may require the licensee, its clients, distributors and employer to stop use and delete all copies at their own cost, with free replacement content and no stated refund.",New York law; confidential arbitration (ICDR or JAMS outside North America) at the nearest listed seat (nearest to India: Singapore); Getty may go to court for IP injunctions.,Changes only by mutual written acceptance or electronically issued by Getty and accepted by the licensee; agreement overrides purchase orders; Getty may assign freely.,"No AI/ML or face-identification use, standalone redistribution, trademark/logo use, resale templates, on-demand products, NFTs (editorial and RR video), unlawful/pornographic/defamatory use; sensitive-subject uses must be labelled illustrative with a model."
doc-kled-terms,kled,"Terms of Service (Nitrility, Inc. - Kled)",contributor_agreement,"Last Revised on July 21, 2026",https://www.kled.ai/terms-of-service,"Contributor licenses Kled to use, reproduce, adapt, annotate, modify, package, distribute and 'otherwise exploit' Submitted Content for any and all purposes, expressly including making it available to Data Customers, service providers and partners.","Kled gets an exclusive licence for AI/ML development (developing, training, testing, improving and deploying third-party models and systems) and passes rights on to Data Customers, e.g. to train or fine-tune; the contributor may not license anyone else for AI use. Evaluation is covered only as 'testing'; what Data Customers may redistribute or do with model outputs is not set here. App users themselves may not train AI on Services content without Kled's agreement.","No field restriction on Kled ('any and all purposes'); the exclusive part of the licence is limited to the AI/ML development field, and outside it the contributor keeps non-exclusive freedom.","Worldwide licence; the Services are operated from the US, and non-US contributors use them on their own initiative and must comply with local law.","Perpetual and irrevocable; the licence survives account deletion or termination, and Kled need not delete content when an account closes.","Contributor to Kled: exclusive within the AI/ML field (the 'Exclusive Use'), and the contributor may not authorise anyone else for that use. Exclusivity runs to Kled, not to any single Data Customer; the Terms say nothing about exclusivity for buyers.","Kled may transfer and sublicense through multiple tiers, and may assign the Terms and licences; the contributor may not assign.","Kled may adapt, modify, annotate and package Submitted Content, and the AI exclusivity covers 'uses or modifications'. The contributor warrants the content contains no AI-generated output. Nothing on who owns models or outputs a Data Customer builds.",,,"When an account is deleted, Kled may, but need not, delete Submitted Content and is not responsible for deleting or failing to delete it; licences that should survive by their nature continue.","Contributor warrants they hold all rights, licences and consents needed, that submission breaches no law or third-party right, that no further consents or payments are owed to anyone by Kled or downstream parties, that there is no malware and no AI output; Kled itself disclaims all warranties, including non-infringement.","Consent is pushed entirely onto the uploader: they license their own publicity rights, warrant all consents and permissions, warrant no personal data of under-18s, and warrant that required notices and consents were obtained from any other individual whose personal data appears. No release form, consent record or proof of consent is required, and Kled gives no consent warranty of its own.","One-way and uncapped: the contributor defends and indemnifies Kled and Kled's current or prospective customers and partners (so Data Customers) against claims arising from any Submitted Content, breach, third-party rights or negligence; Kled controls the defence and settlement.","Liability of Kled and of its current and prospective customers and partners to the contributor is capped at USD 100 in total, and indirect and consequential damages are excluded; Kled takes no responsibility for user content.","No rate or revenue share is set. Rewards for accepted content come as SOL tokens, fiat or other rewards at Kled's sole discretion. Kled may withhold them or rule content ineligible, gives no assurance on token value, and can claw back all compensation if the contributor's consents or rights fail.","No withdrawal right: the licence is irrevocable, and if consents or rights are revoked the contributor must refund what they were paid rather than getting content pulled. Kled may delete content at its own discretion, and a DMCA notice-and-takedown process covers copies on the Services. Nothing obliges Data Customers to delete copies they already hold, and partners may use disclosed personal information for their own purposes.","Delaware law; binding individual AAA consumer arbitration seated in Dover, Delaware, with a class-action waiver, a 30-day opt-out window and a one-year limitation period; Wilmington courts where arbitration does not apply.","Kled may change the Terms on its own; for material changes it makes only reasonable efforts to notify, and continued use counts as acceptance. The licence already granted is irrevocable either way.","Users may not submit unlawful, pornographic or privacy- or publicity-invasive content, personal data of under-18s or AI-generated output; they may not train AI on the Services, or resell or relicense information from them, without Kled's permission."
doc-ldc-for-profit,ldc,For-Profit Membership Agreement,buyer_licence,"No version or date printed; blank template (effective 'January 1, ____'); PDF generated on request 2026-09-30",https://catalog.ldc.upenn.edu/license/ldc-for-profit-membership.pdf,"Use of received LDC Databases for linguistic and language-based research and technology development; portions may go into the Member's own commercial work products, subject to law and any user agreement.",Not named. Training/fine-tuning/evaluation is covered only implicitly by 'language-based research and technology development' at listed sites; embedding 'portions' in commercial products allowed; redistributing the data is barred; model outputs not addressed.,Linguistic and language-based research and technology development only; anything not explicitly permitted is excluded.,Site-locked: use solely at the geographical sites (and organisational unit) listed in Exhibit B.,"Membership runs by calendar-year membership year, renewing each January 1 unless the Member gives 60 days' notice; the document does not say whether rights in data already received end on non-renewal.",,"No sublicensing or redistribution; for user-agreement databases access is limited to employees/consultants who signed in advance, with the Member liable for consultants.","Member may incorporate portions of the databases into its own work products, including commercially, to the extent the law and any user agreement allow; model outputs not separately addressed.",Member must give appropriate reference to LDC resources in scholarly publications that mention the data.,LDC may inspect the Member's file of signed user agreements on request; no broader audit right.,Only for user-agreement databases: Member must end access for individuals no longer meeting the user agreement's conditions; no general deletion duty on non-renewal.,"None: data is as-is; LDC, data providers and corpus authors disclaim all warranties, including conformity with documentation.",,"One-way: Member defends and indemnifies LDC and its people for any use violating the agreement, a user agreement or law (incl. copyright); no cap; LDC gives no indemnity.","LDC, its host institution, data providers and corpus authors exclude all liability, including direct damages; no cap stated on the Member's side.","Annual non-refundable membership fee: Standard USD 34,000 (up to 16 databases from the year), Subscription USD 40,000 (all databases released that year); extras at non-member price; some databases need separate licences and fees.",,,LDC may amend the fee schedule and Exhibit A licensing terms at the start of a new membership year; user agreements supersede the membership agreement for their databases.,"No copying, redistribution, transmission, publication or any use beyond the explicit grant."
doc-luel-terms,luel,Terms of Service (Luel Inc.),marketplace_terms,"Last Modified: September 17, 2026",https://luel.ai/terms,"Enterprises get a limited, non-exclusive, non-transferable, non-sublicensable, revocable licence for internal purposes only: training/developing/testing/improving their own models, making embeddings, weights and synthetic data for those models, and commercially deploying and keeping the models. Contributors in turn give Luel a licence to operate the Service, including selling and licensing their content to Enterprises, and to improve Luel's products and for its other business purposes.","Buyer may train, develop, test (evaluation) and improve its own AI/ML models, and commercially deploy and retain the resulting models; fine-tuning is not named separately. Redistribution of the data, or of any dataset, embedding set or synthetic set that substitutes for it, is barred, including uploading to public model or dataset hubs. The Terms place no limit on buyers' model outputs. Luel itself may train and exploit 'Digital Replicas' of contributors' voice and likeness, and owns them outright. Separately, Luel promises not to train on materials submitted to its processing features or their Output.","Buyers may use the content internally for AI/ML development only. Biometric identification, surveillance and law-enforcement uses are barred unless Luel authorises them in a separate written agreement.",The contributor-to-Luel licence is worldwide. The buyer licence names no territory. All users must comply with US export-control and sanctions law.,"The contributor licence to Luel is perpetual and irrevocable, and a completed sale is final. The buyer licence is revocable, with no stated term, but the buyer may keep models already trained. Luel may terminate any account for any reason.","Non-exclusive on both sides. Contributors grant Luel a non-exclusive licence, and Enterprises receive a non-exclusive licence. The Terms offer buyers no route to exclusivity.","Luel's licence from contributors is sublicensable and transferable, which lets Luel license the content onward to Enterprises. The Enterprise licence cannot be sublicensed or transferred, and its restrictions bind affiliates, contractors and downstream recipients.","Buyers may create embeddings, model weights and synthetic data for use in their own models, and may deploy and keep those models. They may not distribute derivatives that reproduce, reconstitute or substitute for the data. Digital Replicas made from contributor content, and anything derived from them, belong exclusively to Luel. Output from Luel's processing features belongs to the user.",,"The Terms give no buyer-audit clause. Luel may use technological and other lawful measures to verify compliance, and buyers must not remove or defeat watermarks, canaries, provenance signals or licence notices.",,"The contributor gives the warranties: rights and consents obtained, no infringement of IP, privacy or confidentiality rights, no children's data, no one's personal data without consent, and no third-party images or audio. Luel gives buyers none: the Service and content are 'as is', and Luel disclaims non-infringement and all responsibility for User Content.","The contributor alone warrants and is solely responsible for having every consent and permission for content relating to third parties. The contributor also warrants the content holds no one's personal data without consent and no third-party images or audio, and licenses their own voice, likeness and biometrics to Luel. No release form or consent evidence is delivered to buyers, and Luel gives buyers no consent warranty.","One-way and uncapped: every user, contributor or Enterprise, indemnifies Luel and its affiliates, agents, suppliers and licensors, including for User Content and third-party privacy or IP claims. Luel indemnifies no one. Users also release Luel from claims over disputes with other users.","Luel's liability is capped at the greater of the amount the user paid Luel or US$100, and indirect, consequential and punitive damages are excluded. The user's indemnity to Luel has no cap.","Enterprises pay Luel's Fees as displayed at purchase, by card or invoice. Sales are final, with no cash refunds and remedies given only as platform credit; a Luel Data order is reversed only if Luel fails to deliver. Contributors 'may' be paid per listing rate (per participant and duration for conversations). No rate is fixed until Luel marks a submission payable, and Luel may claw back payouts. No revenue-share percentage is stated.","A completed sale is final. Contributors cannot demand deletion from a buyer's systems or trained models, and Luel says it cannot retrieve delivered copies. On a verified request, Luel stops further licensing, revokes the entitlements of buyers still holding access, and deletes its own copies. Buyers are not obliged to delete copies they already downloaded. A DMCA procedure applies, and Luel may remove content at its discretion.","California law. Disputes go to mandatory individual JAMS arbitration after 60 days of informal resolution, with a 30-day opt-out for new users, a class-action and jury waiver, and the FAA governing the arbitration clause.","Luel may change the Terms at any time, and continued use counts as acceptance. The Terms govern a user's use from the start of their access, even access that began before publication. Payout rates and terms can also change at any time, and a product-specific agreement (such as the Luel Data licence) overrides these Terms where they conflict.","Buyers may not resell, redistribute, publish, sublicense or upload the data or data-substituting derivatives. They may not re-identify or contact the people in it, strip watermarks, canaries or provenance signals, or use it for biometric identification, surveillance or law enforcement without written authorisation. These bars reach downstream recipients, and an Acceptable Use Policy also applies."
doc-nexdata-licence,nexdata,Data Licensing Agreement (template),buyer_licence,undated template; no version or date printed,https://www.nexdata.ai/nexdata/static/file/PDF/Data%20Licensing%20Agreement.pdf,"Free, non-commercial scientific research only, by a university/research institution or a partner Nexdata designates; store and use during the term within the agreed scope.","No express training grant: research use is allowed, but the licence is 'without derivatives' and models derived from the data may not be used commercially; training, fine-tuning, evaluation and model outputs are not named separately; no redistribution; commercial use converts into paying full market value.",Scientific research only; no commercial purpose and no development or production of commercial products.,,One year from signing; Nexdata may rescind at any time.,"Limited and non-exclusive; Nexdata reserves all rights including to sell, lease and transfer the data.","None: no publication or disclosure of any part of the data to third parties (by sale, transmission or otherwise) without Nexdata's prior consent; duplicates count as the original.","Licence granted 'without derivatives'; derivatives including models may not be used for any commercial purpose, and commercial use of a derivative triggers the market-value payment.",Licensee must credit the Nexdata dataset in every published result and notify Nexdata within five days; licensee must also let Nexdata use its name and logo for promotion.,No audit or inspection right; Nexdata relies on five-day notice of publications and a signed destruction statement at the end.,"Destroy all data and duplicates within five days of expiry or rescission, with a statement signed by the licensee's legal representative; retaining copies means paying the original market value.",,,"One-way, licensee to Nexdata: licensee bears all third-party loss and legal violation from its use and compensates Nexdata's losses on breach or leakage; Nexdata gives no indemnity.",No cap on the licensee: pre-set per-unit or fixed damages (blank in the template) give way to actual losses where higher; Nexdata's own liability is not addressed.,"Free of charge for research; full market value (per Article II table, blank in the template) becomes payable on business use, with 3-day notice and payment within 20 days.","No takedown or data-subject clause, but Nexdata can rescind at any time and the licensee must then destroy every copy within five days.","No governing law named; disputes to negotiation/mediation, then a lawsuit in the 'people's court' where Nexdata lies, although Nexdata's stated domicile is Monrovia, California.",,"Any commercial use or commercial product, disclosure to third parties, illegal use or harm to the public interest."
doc-opendatabay-fees,opendatabay,Platform Fees & Commission Schedule,marketplace_terms,"Last Updated: August 24, 2026 (effective August 24, 2026)",https://www.opendatabay.com/legal/fees,,,,,,,,,,,,,,,,"Seller-paid commission on each transaction (dataset sale, API call or data access fee), deducted before payout: 30% up to GBP 100, sliding 'progressively' to 25% at GBP 1,000, 20% at 10,000, 15% at 25,000, 10% at 50,000 and 5% at 250,000 and above (seller keeps 70% to 95%). Rate depends on the single transaction's value, not cumulative volume; the method within a band is unstated. Bespoke brokerage or enterprise deals may carry different terms agreed in writing. No buyer fee, payout timing, threshold, processing cost, tax or refund/chargeback rule is published despite the parent terms saying the schedule covers them.",,Laws of England and Wales; disputes exclusively in the courts of London (the platform Terms of Service instead send business disputes to LCIA arbitration).,Opendatabay may update the schedule at any time with no notice period; continued use is acceptance.,
doc-opendatabay-licence,opendatabay,"Commercial AI Training and Fine-Tuning Data License, Version 1.0 (with the General Use variant and the Right to List and Sell Data terms)",licence_template,"Version 1.0 (docs page undated: 'Last updated 7 months ago'); Right to List and Sell Data effective February 27, 2026",https://docs.opendatabay.com/ai-training-and-model-development-licenses/commercial-ai-training-and-fine-tuning-data-license,"Commercial licence: use solely to train, fine-tune, evaluate and develop AI/ML/LLM/agentic systems, with commercial use of the resulting models and outputs; General licence: internal research, evaluation and education only.","Commercial: training, fine-tuning and evaluation granted; models, weights, embeddings and outputs may be used and sublicensed commercially (including as APIs) if the data is not exposed or reconstructable; benchmarks publishable without disclosing data; raw data may not be redistributed. General: same activities for internal/non-commercial use only; no production APIs or monetisation.","AI training/development only; non-AI uses (analytics, market research, database compilation, direct data distribution) need a separate licence from the licensor.",Worldwide.,"Perpetual from the Effective Date, subject to termination for uncured material breach (30 days) or immediate licensor termination where law requires or the use creates substantial legal, security or compliance risk.",Non-exclusive; the template offers no exclusive option to the buyer (exclusivity in the platform terms is only exclusive brokerage granted by the provider to Opendatabay).,No sublicensing of the Data Product itself; Commercial licensee may sublicense Models and Derivative Works if the data is not made available or reasonably reconstructable and downstream recipients are told they get no data rights; General licensee may share models only internally or for non-commercial collaboration.,"Licensee owns the models and derivatives it creates (not the data), keeps them indefinitely and after termination if the data cannot be reconstructed; safe harbour for inadvertent memorised reproduction; licensor not liable for open-weight misuse.",No attribution required; neither party may publicly name the other or the relationship without written consent; optional credit must not imply endorsement.,"Licensor may request compliance evidence only on reasonable suspicion of material breach, at most once a year on 60 days' notice; limited to deletion/retention records and policies; on-site only if mutually agreed, at licensor's cost unless breach found.","On termination, or on the licensor's written request at any time, the licensee must promptly delete or irreversibly anonymise all copies of the data (auto-expiring backups excepted), but may keep models and derivatives.","Licensor (the Data Provider) warrants right to license, collection in compliance with data protection law, best-practice PII filtering, no known malware or deliberate poisoning, reasonable care; disclaims freedom from third-party claims and lawfulness of the buyer's use.",No express warranty to the buyer that people depicted consented or signed releases; the licensor warrants only data-protection-law compliance and best-effort PII filtering; separately the provider declares to Opendatabay that data was legally and ethically collected and must keep consent records 'where applicable'.,"Licensor (provider) indemnifies buyer only for breach of the Section 8.1 warranties (right to license, not unlawfully or IP-infringingly obtained, reasonable care), excluding modification, combination and out-of-scope use; buyer indemnifies licensor for misuse, legal violations and model infringement; provider also indemnifies Opendatabay under the platform terms. Indemnities sit outside the cap.",Each party capped at the greater of the price paid for the Data Product or a fixed cap in the Order; indirect damages excluded; payment obligations and indemnities are uncapped.,"Licence defers price to the Order and makes Opendatabay a third-party beneficiary to stop off-platform deals; platform fee schedule deducts a sliding commission from the seller, 30% on sales up to £100 falling to 5% above £250,000.","Licensor can demand deletion of all buyer copies by written request, but models trained on the data may be retained if the data is not reconstructable; Opendatabay may remove non-compliant listings, and delisting does not affect executed sales; no specific data-subject erasure mechanism.",England and Wales; exclusive jurisdiction of the courts of London.,The licence itself can only be amended in writing signed by both parties; Opendatabay's platform-level listing terms can be changed at any time with continued use as acceptance.,"No resale, redistribution or sublicensing of the raw data; no non-AI uses; no removal of watermarks or provenance metadata; no unlawful use including discrimination or unlawful surveillance; General licence also bars any commercial use and production high-risk AI."
doc-opendatabay-seller,opendatabay,Data Provider (Seller) Agreement,provider_agreement,"Last Updated: February 27, 2026 (effective February 27, 2026)",https://www.opendatabay.com/legal/seller,,,,,Open-ended while the provider is registered; Opendatabay may suspend or terminate access on breach or harmful behaviour. No provider termination or notice clause.,,,,,Opendatabay may audit the provider's data sources and request documentation; the provider must cooperate with investigations. No buyer audit right.,,"Provider must own or have permission to sell the data, have collected it lawfully (GDPR, CCPA), not upload infringing or harmful content, and keep datasets complete, safe and accurately described; it bears full responsibility for uploads. Opendatabay gives only a mutual authority warranty.","Provider-side prohibition only: 'unconsented' data may not be uploaded and data must be lawfully collected under GDPR/CCPA. No mention of people depicted, model or property releases, or passing consent evidence to buyers; the provider may be asked to confirm its rights (separate page) and may be audited.","Provider indemnifies Opendatabay against third-party claims from its listing (IP infringement, unlawful content, lack of rights). Opendatabay indemnifies the provider only for its own material misrepresentation, payment errors or security failures in its systems. No indemnity to buyers in this document.","Mutual cap: each party's aggregate liability limited to platform fees or commissions the provider paid Opendatabay in the prior 12 months; uncapped for fraud, wilful misconduct, personal injury and anything not legally limitable. The cap applies to Opendatabay too, so its own indemnity is capped at fees received.","Opendatabay processes payment and pays providers out, only to verified business accounts; fee or commission rate is not in this agreement (points to a separate Fees page); fees are non-refundable; off-platform deals with introduced buyers are banned and may incur fees.",Opendatabay may remove content or suppliers for violations; deleted datasets are permanently removed from Opendatabay's systems (minimal metadata up to 100 days). Silent on copies buyers already hold: no buyer deletion or recall obligation.,Laws of England and Wales; exclusive jurisdiction of the courts of London.,"Unilateral: Opendatabay may update at any time, and continued use is acceptance. No notice period.","Provider may not upload illegal, stolen, scraped, unconsented, malicious, unlicensed or infringing content; may not bypass the platform (external links, direct deals with introduced buyers), exploit bugs, reverse engineer APIs or scrape. Buyer use restrictions are not in this document."
doc-pixta-ai-terms,pixta-ai,PIXTA AI Terms of Use,marketplace_terms,"We have updated our Terms of Use on March 3rd, 2025 (footer: As of March 3rd, 2025)",https://www.pixta.ai/term,"The Terms license buyers nothing in the Data: Registered Users may only use free Samples to judge suitability as training/validation/testing data; use of the Data itself is set by the Partner in a separate, unpublished Agreement between the Members.","Data is defined as material for ML training, validation and testing, but the Terms grant no training, fine-tuning, evaluation, redistribution or model-output right in the Data (left to the Partner's licence). Samples: evaluation of suitability only; training/validation/testing use expressly excluded.",,,,,,,"No attribution duty to buyers; the Partner waives (and must procure waiver of) authors' moral rights against Pixta for its Posted Information, which Pixta may modify and use for promotion unpaid.",Pixta (not the buyer) may require the Partner to submit consent contracts and acquisition documents on request; no buyer audit right and no general audit clause.,What happens to licensed Data after exit is left to the Agreement between the Members; Pixta deletes a cancelling Partner's Samples/listing within 30 days but may retain Data and Samples it holds for a period it chooses; a Registered User expelled for breach-type grounds must destroy all Samples.,Partner warrants to Pixta (not to the buyer): lawful acquisition and production; right to deliver and license the Data under the members' agreement; no infringement or illegality in Pixta's or Users' exercise of rights; malware-free. Pixta itself gives nothing: Data is 'as is' with no accuracy or completeness warranty.,"Partner warrants to Pixta that Data has no personal information or that each person agreed to the provision and use set out in the members' agreement and Terms, including cross-border transfer; Partner must hold written consents and hand them to Pixta on request. No model/property release language, and nothing passes consent evidence to the buyer.",One-way to Pixta: any User in breach (Partner or buyer) holds Pixta harmless and indemnifies it for damage and expenses including attorney's fees; the Partner must settle all User and third-party complaints about its Data at its own cost. Pixta indemnifies nobody; buyer-Partner indemnities are left to their own agreement.,"Pixta excludes all liability to Users; failing that, only direct ordinary damages (no lost profits) capped at fees paid between Pixta and the User in the prior 3 months, per member or per corporation. Under Japan's Consumer Contract Act the exclusion falls and the cap covers only ordinary negligence. No cap on Users' liability to Pixta.","Pixta earns from Partners, not buyers: listing fees, referral fees and performance rewards on transactions after its referrals, at rates in a separate unpublished Application Form; Partner pays transfer charges; no refunds. The Data price is paid directly between buyer and Partner; Pixta pays Partners nothing for sample or promotional use.","Pixta can delete or change listings and Samples without notice, act at its discretion on reports about Samples, and order a breaching User to stop using the Data and Samples. There is no data-subject erasure mechanism and no obligation on buyers to delete Data already delivered; that is governed by the members' agreement; Pixta may itself retain Data after exit.","Japanese law (CISG excluded); exclusive first-instance jurisdiction of the Tokyo District Court, after good-faith consultation.","Pixta may amend the Terms when it reasonably considers it necessary, with advance notice of effective date and details; it may change, suspend or end the Service without liability. Current version dated 3 March 2025.","Users may not infringe copyright, portrait, privacy or other rights (including unauthorised use of Data), post false information, disrupt or reverse-engineer the Service, harass, or do anything Pixta deems inappropriate; Samples may not be used as training data."
doc-poseidon-terms,poseidon,Terms of Service,contributor_agreement,"Last updated August 26, 2026 (previous version August 18, 2025)",https://www.psdn.ai/terms,"Contributor licenses Poseidon to use, host, reproduce, adapt, annotate, package, distribute and otherwise exploit contributions for any and all purposes, including making them available to service providers and partners.","Poseidon gets the exclusive right to use contributions for developing, training, testing, fine-tuning, grounding, improving and deploying (third-party) AI/ML models and systems, sublicensable to partners; the contributor may not license anyone else for these uses. Evaluation is covered by 'testing'; redistribution by the any-purpose licence.","No field restriction on Poseidon (any and all purposes); the AI/ML field is carved out as exclusive to Poseidon, while the contributor keeps non-AI uses of their own material.",Worldwide.,"Perpetual and irrevocable; survives account termination, and rejection of a buy-out offer does not affect it.","Exclusive to Poseidon for AI/ML development and deployment uses (the 'Exclusive Use'); non-exclusive otherwise. Poseidon also holds a unilateral option to buy full ownership at a price it sets, deemed accepted unless rejected within 15 days.","Poseidon may sublicense through multiple tiers and transfer the licence, and may assign the Terms; contributors may not assign.","Poseidon may adapt, annotate, modify and package contributions and the exclusive AI field covers 'modifications'; nothing is said about ownership of trained models or model outputs, and the contributor gets no share in either.",,,"On account deletion Poseidon may, but is not obliged to, delete contributions; purchased contributions remain Poseidon's property and the licence survives.","Contributor warrants it holds all rights, licences, consents and permissions to submit and let Poseidon use or buy each contribution, that submission breaches no law or third-party right, and that no other consents or payments are owed to anyone by Poseidon or its downstream licensees. Poseidon gives no warranties and disclaims non-infringement.","Consent of people depicted is covered only by the contributor's general warranty that it has all needed consents and that no further consents are needed from any person, plus a ban on content invasive of privacy or publicity rights; no model-release form or bystander-consent procedure is set out. Personal data in contributions may go to partners who use it for their own purposes.","One-way and uncapped as written: the contributor defends and indemnifies Poseidon, its affiliates, officers, partners and licensors for breach, third-party rights violations, any User Contribution, and negligence; Poseidon controls defence and settlement.",Poseidon's total liability to the contributor is capped at USD 100 and indirect/consequential damages are excluded; no cap is stated on the contributor's indemnity.,"Per-accepted-submission pay in USD (Confirmed Balance), tokens or points, with amounts shown in-app before each task and set by Poseidon; fiat paid quarterly above a USD 25 threshold, only where the payment provider operates; quality gate and forfeiture at Poseidon's sole discretion; no royalty or revenue share on dataset sales; buy-out price set by Poseidon, payable in cash or tokens.","No contributor takedown or withdrawal right: the licence is irrevocable, Poseidon may but need not delete contributions when an account is deleted and disclaims responsibility either way, purchased contributions stay Poseidon's, and nothing addresses copies already given to partners or buyers.","California law; binding individual JAMS arbitration seated in San Francisco with class-action waiver and 30-day opt-out; IP disputes, small claims and injunctive relief go to court.","Poseidon may change the Terms unilaterally, effective on posting, with only reasonable efforts to notify of material changes; continued use is acceptance. It may also change the payout programme on reasonable notice.","Contributors may not submit unlawful, privacy- or publicity-invasive, pornographic or violent content, and may not redistribute, license or sell information obtained through the Services; they may not license their contributions to others for AI/ML use."
doc-protege-tos,protege,Terms of Service,marketplace_terms,"Undated: no version or last-updated date printed on the Terms (site footer reads © 2025 Protege Health, Inc.)",https://withprotege.ai/terms-of-service,"Customer may view Datasets on the Platform (after an Access Fee) to decide on purchases, and use licensed Datasets only for the specific use cases in the Agreement / Statement of Work; every other use is prohibited.","Grants training of ML/AI models the Customer owns or licenses, solely for SOW-authorised purposes; fine-tuning, evaluation and model outputs are not mentioned; synthetic data generation is barred; redistribution, sublicensing and commercialising the Datasets or derivative works to third parties are barred (read literally this could reach trained models).",Narrow field of use set per deal: only the use cases/authorised purposes in the signed Statement of Work; no building of a competing service.,,No fixed term stated (set by SOW); either party may terminate for uncured material breach (30 days) or on 30 days' notice for insolvency; Protege may suspend or terminate access on a reasonable belief of breach or security risk.,Licence is non-exclusive under the standard Terms (a SOW could override).,"Non-transferable and non-sublicensable; no resale, rental, lease or third-party access to Datasets; assignment by Customer needs Protege's consent.",No derivative works using Dataset data without a signed SOW; no synthetic datasets or artifacts; derivative works may not be commercialised to third parties; ownership of trained models or outputs is not addressed beyond 'models owned or licensed by Customer'.,,"Protege and its licensors may audit the Customer on prior written notice (records, systems, interviews) to check use and deletion; Customer remedies and may bear audit costs.","Customer must fully delete or return the Datasets on termination or expiration (stated inside the audit clause), verifiable by audit.","Protege (licensor) warrants only its authority to contract; it disclaims all other warranties including non-infringement, and supplies Datasets as is, with no accuracy guarantee.",,"One-way: Customer indemnifies Protege and its licensors for third-party claims from Customer's unlawful use or breach, uncapped; Protege gives no indemnity to the Customer.",Each party's aggregate liability capped at fees Customer paid in the 12 months before the event; indirect/consequential damages excluded; Customer's indemnity is carved out of both.,Customer pays an Access Fee to use the Platform to browse Datasets; dataset prices and any provider revenue share are not stated in the Terms.,,"Delaware and US federal law, CISG excluded; exclusive venue in state and federal courts of New Castle County, Delaware.",,"No illegal or fraudulent use, no re-identification, no synthetic data, no sale/sublicence/distribution or third-party access, no derivative works without SOW, no competing service, no reverse engineering."
doc-snowflake-marketplace-terms,snowflake-marketplace,Snowflake Provider and Consumer Terms,marketplace_terms,"Last Updated: March 31, 2026",https://www.snowflake.com/en/legal/optional-offerings/offering-specific-terms/snowflake-marketplace/provider-and-consumer-terms/,"Set per listing by the Provider's own Listing Terms; absent contrary Listing Terms the Consumer gets use inside Snowflake only, with no modification, derivative works, resale, sublicensing, export outside the Service or copying.",,,Marketplace available worldwide except U.S.-embargoed countries; the Provider warrants it holds the rights to make its Products available to Consumers in all those countries (no territory restriction offered in these Terms).,"Terms run until terminated: Customer on 10 days' notice, Snowflake on 90 days' notice or for cause; a Provider stays bound until any Listing Retirement Period ends. Licence duration for a Product itself is left to Listing Terms.",,Consumer may not resell or sublicense a Product unless the Provider's Listing Terms expressly allow it; Snowflake's own licence (listing metadata only) is non-sublicensable.,Default bar on modifying or creating derivative works of any Product unless Listing Terms expressly state otherwise; the Terms say nothing about model outputs or trained models.,,"No audit right is granted. Snowflake has no duty to monitor Consumer use, and the Provider's only recourse for misuse is against the Consumer (under its Listing Terms).",,"Provider warrants it has all rights and permissions to license and sell its materials to Snowflake and Consumers, including in every Marketplace country; it is solely responsible for their accuracy, content and legality. Snowflake gives no warranty on Provider Materials.","Only a general personal-data warranty by the Provider: lawful collection 'e.g., obtaining any required consents', data subject requests handled by the Provider, no Sensitive Personal Data (incl. face-geometry biometrics, under-16s) in public listings. The Consumer separately warrants it obtains the consents its own use needs. No model or property release, and no consent evidence goes to the buyer.","Provider defends and indemnifies Snowflake (not the Consumer) for third-party claims over its materials; Consumer indemnifies Snowflake for claims arising from its use; Snowflake indemnifies only for IP infringement by the Marketplace itself, excluding Provider Materials. Any Provider-to-Consumer indemnity is left to Listing Terms. Indemnities sit outside the cap.","Each party's aggregate liability to the other under these Terms is capped at USD 50,000, with consequential and lost-data damages excluded; payment obligations, indemnities and non-limitable liability are uncapped. Provider-Consumer caps are left to Listing Terms.","Provider sets the price. Under the optional Monetization Offering, Snowflake invoices on the Provider's behalf via Stripe and pays the Provider the price minus Snowflake's fees (rate in a separate fee schedule), taxes and expenses. The seller pays the fee, can be offset, and handles refunds with the buyer. Otherwise the Provider invoices directly.","Provider handles takedown and data-subject requests; Snowflake may remove listings or suspend the Provider, including ongoing Transactions, on a credible notice. A retiring Provider must keep serving existing Consumers for the Retirement Period. Nothing requires Consumers to delete data they already hold; by default they cannot copy it out of Snowflake.","Delaware and U.S. federal law; exclusive venue in state and federal courts of New Castle County, Delaware (these Terms only; Listing Terms may choose their own).","Snowflake may change the Terms unilaterally by posting them, effective 30 days after posting, or immediately for new functionality or legal requirements; a notification subscription is offered.","Default Consumer bans: modification, reverse engineering, resale, sublicensing, transfer outside the Service and unauthorised copies. Providers may not put personal data in listings, Sensitive Personal Data in public listings, or ITAR-controlled information anywhere. AI technology in Products is declared unfit for sensitive or hazardous uses."
doc-truelabel-collector,truelabel,Collector Services Agreement,contributor_agreement,"Effective June 19, 2026",https://truelabel.ai/legal/collector-agreement,"Collector's Work Product is owned by truelabel (work for hire / assignment); truelabel, affiliates, successors and designees may host, reproduce, modify, distribute and use it for any lawful purpose permitted by the job, transaction terms, platform terms or buyer requirements, including supplying datasets to buyers, end clients and their service providers.","Granted downstream to buyers, end clients and service providers for 'project-permitted' AI/ML training, evaluation, validation, dataset development, model development, model improvement and commercial use; fine-tuning and model outputs are not named separately; redistribution runs through a sublicensable licence and releases that reach further-tier/downstream sublicensees; the Collector must also obtain the depicted person's written consent to AI/ML training.","No fixed field; bounded only by what the accepted job, transaction terms, platform terms or buyer requirements permit ('project-permitted' uses).",Worldwide (assignment of worldwide rights; worldwide licence).,"Rights to truelabel are perpetual and irrevocable and survive termination; the Agreement itself runs while the Collector keeps an account, terminable by either side on 30 days' notice without cause.","Collector side is total: truelabel owns the Work Product outright as work for hire or by assignment, so the Collector keeps no right to reuse or resell it; the Agreement says nothing about whether buyers get exclusive rights.","truelabel's licence is transferable and sublicensable to affiliates, successors and designees; the people-release must cover buyers, end clients, service providers and any further-tier or downstream sublicensee a buyer permits.","Derivative works are part of the Work Product owned by truelabel, and truelabel may create further derivatives; downstream model development and improvement are licensed; ownership of trained models or model outputs is not addressed.",Collector waives moral rights and any right of attribution; uses need no notice or attribution to the Collector.,"truelabel may audit a Collector's job records for 2 years after the job; consent/release records must be kept 6 years (extendable by notice up to 10 years for an active buyer engagement) and copied to truelabel on request; buyers and end clients may directly enforce the Collector's confidentiality, data and IP obligations.","No deletion-on-termination clause for Work Product (truelabel's rights survive); the Collector may not copy or retain data outside the platform except as a job requires, and disposes of consent records only when the retention period expires, per data-protection law.","Collector warrants originality, spec conformance, no encumbering open-source or third-party material, and non-infringement of IP, privacy and publicity rights; truelabel gives the Collector the platform 'as is' and disclaims all warranties.","Collector warrants flatly that, before capture, it got valid, informed, written, documented consent and release from every identifiable individual and from owners of non-incidental private locations, running to truelabel, buyers, end clients, service providers and downstream sublicensees, authorising AI/ML training and commercial use; it must report withdrawals and keep the records 6 years (up to 10).","Collector defends and indemnifies truelabel, affiliates, personnel, buyers and end clients for breach, unlawful or infringing submissions, failure to obtain consents or releases, negligence, confidentiality breaches and tax failures; no cap on the Collector's indemnity is stated; truelabel gives no indemnity to the Collector.","truelabel's liability to a Collector is capped at the fees actually paid for that specific job, with indirect and consequential damages and lost profits excluded; no cap on the Collector's liability is stated.","One-off fixed fee per job as shown at acceptance, paid only for accepted submissions; no royalty or revenue share on resale to buyers ('without any further compensation'); rejected work unpaid; nothing further owed after termination for material breach.","Only that a depicted person may withdraw data-protection consent by law and the Collector must notify truelabel of any withdrawal or challenge; no mechanism to pull affected media from datasets, and nothing on copies already delivered to buyers.","Laws of the Emirate of Dubai and applicable UAE federal law; exclusive jurisdiction of Dubai courts over truelabel FZCO, unless applicable law provides otherwise.",truelabel may amend unilaterally by posting a revised version with a new effective date; continued platform use is acceptance; truelabel may also assign the Agreement freely.,"Collector may not disclose confidential information or use it for competing collection or labeling methods, identify or solicit buyers or end clients, copy or retain data outside the platform, publicise the engagement, subcontract without consent, or use forced or child labour."
doc-truelabel-terms,truelabel,Terms of Service,marketplace_terms,Last updated: 2026-06-19,https://truelabel.ai/legal/terms,"Set per transaction: buyers may use materials only within the licence, restrictions and permitted-use language of the accepted request, listing, order or SOW; they get only that licence and a purchase transfers nothing broader by default.","Buyers, end clients and their service providers may train, evaluate, validate, build, improve or commercialise AI/ML models and datasets only to the extent the transaction terms allow (no default grant); fine-tuning is named only as a buyer purpose. truelabel itself does not train foundation or unrelated commercial models on private materials unless an order, agreement or product setting authorises it, but may use aggregated/de-identified/operational derived data to improve its own service.",Defined per transaction through the request's licence scope and usage restrictions; restricted data categories need express order permission.,,,Only the supplier-to-truelabel platform licence is stated (non-exclusive); buyer exclusivity is neither offered nor excluded and would sit in the transaction terms.,"Suppliers grant truelabel a sublicensable, non-exclusive, worldwide licence used to pass content to buyers, end clients and service providers; buyers may not resell raw materials by default, while end clients and service providers may use them under the transaction terms.","No clause on ownership of trained models or model outputs; buyers may 'commercialize' models only as transaction terms allow, and by default must not deploy trained models in safety-critical physical systems without validation and human oversight.",,,No deletion obligation on buyers: termination preserves licence restrictions and confidentiality but also 'rights already granted under completed transactions'.,"Suppliers/contributors represent they own or control all needed rights, must accurately describe provenance, collection conditions, consent status and limitations, and keep supporting records for buyer due diligence; truelabel gives no dataset warranty (as-is, no title/non-infringement) and says its review does not validate rights.","The supplier (whoever uploads, collects or delivers) represents it holds all consents and releases for the advertised uses, expressly including AI/ML training by truelabel, buyers and end clients and covering likenesses, voices, biometrics and location; individual contributors may be asked to attest. Truelabel does not verify, and restricted categories (children, biometrics, health) are barred unless the order permits. Consent evidence goes to buyers only 'when required' by due diligence.","One-way and uncapped in the text: every user (buyer or supplier) indemnifies truelabel for its use, its dataset materials, infringement, failure to obtain consents or releases, and downstream use; truelabel gives no indemnity and no buyer-supplier indemnity is stated.","truelabel's service liability is capped at the greater of fees paid for the specific transaction in the prior three months or USD 100, with consequential and model-performance losses excluded; for licensed data the (unpublished) truelabel MSA and Order govern warranties and liability instead.","No rates published in the Terms: fees, commissions, payout timing and refund rules are disclosed in-product or in transaction terms; payments run through third-party processors and truelabel disclaims being an escrow agent or fiduciary.","truelabel may suspend or remove files and listings for a rights concern or legal risk, but nothing requires buyers to delete copies already delivered; rights granted under completed transactions survive termination, so buyers keep what they hold.","Laws of the Emirate of Dubai and applicable UAE federal law; exclusive jurisdiction of Dubai courts over truelabel FZCO, unless a separate written agreement says otherwise.","truelabel may update the Terms; material changes are posted on the page and, where appropriate, notified in-product or by email, with no notice period; continued use is acceptance.","Default buyer bans (overridable by transaction terms): re-identifying individuals, extracting biometric identifiers, removing provenance or licence notices, reselling raw materials, combining against consent or privacy restrictions, unlawful surveillance, and deploying trained models in safety-critical systems without validation and oversight."
doc-wirestock-terms,wirestock,"Terms of Service (creators, including the Dataset Deals Program)",contributor_agreement,"Effective as of January 20, 2026",https://wirestock.io/docs/terms-of-use,"Contributor licenses Wirestock to use, modify, distribute, sell and otherwise exploit the content for any purpose not expressly prohibited, sublicensable through multiple tiers, and to place it in stock marketplaces, the Wirestock Marketplace, portfolios and Dataset Deals.","Broad grant: content may be used and sublicensed (via Dataset Deals, bundled with others' content) to develop, build, train, test, validate and improve any products or AI (generative and non-generative); no carve-out excludes training, fine-tuning, evaluation or redistribution in datasets; contributors get no rights in resulting models; training rights and continued retraining survive termination.","No field restriction: any purpose not expressly prohibited by the Terms, expressly including AI development.",Worldwide.,Grant runs until the contributor terminates (Wirestock has up to 120 days to close the account and 90 days to one year to pull content from marketplaces); licences to customers and sublicensees are perpetual and the grant survives termination for content already submitted.,Contributor grant to Wirestock is non-exclusive; the Terms say nothing about exclusivity offered to buyers or Dataset Partners.,"Wirestock may sublicense through multiple tiers (affiliates, contractors, end users, distributors, developers, partners), to Dataset Partners it picks, stock marketplaces and Ultimate Consumers, at prices and scope it alone sets.","Wirestock and sublicensees may create derivative works; all resulting products and Developed Technology (models, datasets, new Metadata) belong to others, and Wirestock owns all Metadata anyone creates; Wirestock AI Services output may be used by Wirestock for any purpose.",Contributors waive moral rights (or covenant not to enforce them); Wirestock will not require buyers of Paid Content to credit the contributor; Wirestock may use contributor name and content in marketing without pay.,,"No deletion duty: on termination the licence and sublicences survive, Wirestock may retain copies, and neither Wirestock nor its licensees/sublicensees must remove content from servers, datasets or models.","Contributor warrants sole, unencumbered ownership, originality, that no party's use infringes any third-party right (incl. publicity and privacy) so Wirestock needs no further permission, AI-generated content is clear, and they are 18+; Wirestock gives contributors no warranties.","Contributor (the capturer) must supply valid model releases where Wirestock judges a person identifiable (face, figure, voice, likeness) and property releases where Wirestock requires them, keeps original release records, and warrants no publicity/privacy infringement; a defective release is a material breach; releases may be shown to customers. Nothing ties release scope to AI-training use.","One-way and uncapped as written: contributor defends and indemnifies Wirestock, its licensees, sublicensees, Dataset Partners, content marketplaces and Ultimate Consumers against claims from the contributor's content, conduct or breach; Wirestock may withhold royalties pending a claim.",Wirestock's aggregate liability to the contributor and all third parties capped at USD 500; indirect and consequential damages excluded; claims barred after one year. No cap on the contributor's indemnity.,"Dataset Deals: Wirestock picks Method 1 (contributor gets item-count share of 50% of the partner payment; Wirestock keeps 50%) or Method 2 (bundled deals, discretionary pay pre-agreed as fair). Stock royalties and Instant Pay 85/15, prints 70/30, Marketplace pay per an amendable FAQ; monthly payouts over USD 30/50 minimum.","Wirestock may remove or suspend content at will or on complaint and runs a DMCA process; on termination it pulls content from marketplaces within 90 days to one year, but licences already issued stay in force in perpetuity, buyers and Ultimate Users keep their copies, and Dataset Partners/sublicensees need not remove content from datasets or trained models.",California law; AAA arbitration by a single arbitrator with class-action waiver; Los Angeles federal courts for non-arbitrable matters.,"Wirestock may change the Terms unilaterally; changes can take effect within three days of an email; continued use is acceptance. The January 2026 version made Dataset Deals enrolment automatic with no opt-out, grandfathering only earlier opt-outs.","Contributors may not upload unlawful pornographic, extremely violent or terrorist content, duplicate content across accounts, or misuse AI Services; Wirestock may delete AI-generated content at will. No use restrictions on buyers or Dataset Partners are stated in this document."
