slug,name,segment,tier,status,operator_role,operator_role__claims,economics_model,economics_model__claims,who_pays_fee,who_pays_fee__claims,supply_models,supply_models__claims,custody_model,custody_model__claims,transaction_mode,transaction_mode__claims,public_prices,public_prices__claims,licence_model,licence_model__claims,exclusivity_offered,exclusivity_offered__claims,public_listing,public_listing__claims,buyer_vetting,buyer_vetting__claims,sample_mechanics,sample_mechanics__claims,versioning,versioning__claims,human_subject_consent_docs,human_subject_consent_docs__claims,contributor_pay_model,contributor_pay_model__claims,catalogue_plus_custom,catalogue_plus_custom__claims,erasure_after_sale,erasure_after_sale__claims,quality_evidence,quality_evidence__claims
appen,Appen,ai_data_catalogue,light,active,reseller_licensor,appen-c023; appen-c022; appen-c001; appen-c005,principal_margin,appen-c038; appen-c010; appen-c007,not_applicable,,own_collection; third_party_providers; public_or_scraped,appen-c010; appen-c015; appen-c054; appen-c019; appen-c021; appen-c013; appen-c014,copy_to_buyer,appen-c033,contact_sales,appen-c027; appen-c017; appen-c020,none,appen-c017; appen-c018,standard_licence,appen-c023; appen-c016,unknown,appen-c023; appen-c016,public_indexable,appen-c049; appen-c010,unknown,,sample_on_request,appen-c035; appen-c020,unknown,appen-c047,unknown,appen-c022; appen-c002; appen-c012,unknown,appen-c053; appen-c051; appen-c050,both,appen-c009; appen-c030; appen-c041,unknown,,operator_verified,appen-c025; appen-c024
crowdworks-a1-data-marketplace,CrowdWorks A1 Data Marketplace,ai_data_catalogue,light,active,reseller_licensor,crowdworks-a1-data-marketplace-c016; crowdworks-a1-data-marketplace-c022,mixed,crowdworks-a1-data-marketplace-c017; crowdworks-a1-data-marketplace-c032; crowdworks-a1-data-marketplace-c022,seller,crowdworks-a1-data-marketplace-c017,own_collection; third_party_providers,crowdworks-a1-data-marketplace-c032; crowdworks-a1-data-marketplace-c010; crowdworks-a1-data-marketplace-c038; crowdworks-a1-data-marketplace-c041; crowdworks-a1-data-marketplace-c022,unknown,,contact_sales,crowdworks-a1-data-marketplace-c016; crowdworks-a1-data-marketplace-c023,none,crowdworks-a1-data-marketplace-c016; crowdworks-a1-data-marketplace-c049; crowdworks-a1-data-marketplace-c048,negotiated,crowdworks-a1-data-marketplace-c018; crowdworks-a1-data-marketplace-c048; crowdworks-a1-data-marketplace-c049,unknown,crowdworks-a1-data-marketplace-c039,public_indexable,crowdworks-a1-data-marketplace-c030; crowdworks-a1-data-marketplace-c031,unknown,,sample_on_request,crowdworks-a1-data-marketplace-c044; crowdworks-a1-data-marketplace-c016,unknown,crowdworks-a1-data-marketplace-c034,unknown,crowdworks-a1-data-marketplace-c036; crowdworks-a1-data-marketplace-c045; crowdworks-a1-data-marketplace-c011,unknown,crowdworks-a1-data-marketplace-c031,both,crowdworks-a1-data-marketplace-c024; crowdworks-a1-data-marketplace-c014; crowdworks-a1-data-marketplace-c039,unknown,,operator_verified,crowdworks-a1-data-marketplace-c010; crowdworks-a1-data-marketplace-c033; crowdworks-a1-data-marketplace-c055
datacluster-labs,DataCluster Labs,ai_data_catalogue,light,active,reseller_licensor,datacluster-labs-c013; datacluster-labs-c034; datacluster-labs-c035,principal_margin,datacluster-labs-c013; datacluster-labs-c011; datacluster-labs-c034,not_applicable,,own_collection,datacluster-labs-c011; datacluster-labs-c013; datacluster-labs-c014; datacluster-labs-c015,unknown,,contact_sales,datacluster-labs-c033; datacluster-labs-c024; datacluster-labs-c034,none,datacluster-labs-c033; datacluster-labs-c034,unknown,,unknown,,public_indexable,datacluster-labs-c025; datacluster-labs-c007; datacluster-labs-c026,unknown,,free_sample_download,datacluster-labs-c025; datacluster-labs-c026,unknown,,not_addressed,datacluster-labs-c043,unknown,,both,datacluster-labs-c020; datacluster-labs-c021; datacluster-labs-c022; datacluster-labs-c023,unknown,,operator_verified,datacluster-labs-c030; datacluster-labs-c031
defined-ai,Defined.ai,ai_data_catalogue,deep,active,reseller_licensor,defined-ai-c007; defined-ai-c015; defined-ai-c033,mixed,defined-ai-c070; defined-ai-c015; defined-ai-c022; defined-ai-c088,unknown,,own_collection; third_party_providers; partner_licensed,defined-ai-c070; defined-ai-c048; defined-ai-c031; defined-ai-c046; defined-ai-c055; defined-ai-c077,copy_to_buyer,defined-ai-c019; defined-ai-c039,contact_sales,defined-ai-c036; defined-ai-c057; defined-ai-c063; defined-ai-c064; defined-ai-c037,some,defined-ai-c057; defined-ai-c066; defined-ai-c069,standard_licence,defined-ai-c033; defined-ai-c008,unknown,,public_indexable,defined-ai-c005; defined-ai-c063; defined-ai-c064; defined-ai-c065,unknown,,sample_on_request,defined-ai-c036; defined-ai-c064; defined-ai-c035,unknown,,asserted_only,defined-ai-c024; defined-ai-c071; defined-ai-c072; defined-ai-c061; defined-ai-c016,one_off,defined-ai-c050; defined-ai-c051,both,defined-ai-c002; defined-ai-c004; defined-ai-c043; defined-ai-c058,not_addressed,defined-ai-c014,both,defined-ai-c023; defined-ai-c047; defined-ai-c053
futurebeeai,FutureBeeAI,ai_data_catalogue,deep,active,reseller_licensor,futurebeeai-c005; futurebeeai-c006; futurebeeai-c020; futurebeeai-c056; futurebeeai-c065,principal_margin,futurebeeai-c020; futurebeeai-c065; futurebeeai-c056; futurebeeai-c040; futurebeeai-c039,unknown,,own_collection; third_party_providers,futurebeeai-c131; futurebeeai-c048; futurebeeai-c056; futurebeeai-c065; futurebeeai-c098; futurebeeai-c113; futurebeeai-c033; futurebeeai-c034; futurebeeai-c041; futurebeeai-c079; futurebeeai-c080,copy_to_buyer,futurebeeai-c091; futurebeeai-c021; futurebeeai-c087; futurebeeai-c120,contact_sales,futurebeeai-c050; futurebeeai-c052; futurebeeai-c076; futurebeeai-c089; futurebeeai-c090; futurebeeai-c096,none,futurebeeai-c061; futurebeeai-c010; futurebeeai-c045,mixed,futurebeeai-c005; futurebeeai-c007; futurebeeai-c009; futurebeeai-c010; futurebeeai-c011; futurebeeai-c002,yes,futurebeeai-c009; futurebeeai-c010; futurebeeai-c139,public_indexable,futurebeeai-c051; futurebeeai-c067; futurebeeai-c134; futurebeeai-c047,unknown,,sample_on_request,futurebeeai-c058; futurebeeai-c074; futurebeeai-c133; futurebeeai-c028,mutable_latest,futurebeeai-c059; futurebeeai-c070; futurebeeai-c032; futurebeeai-c051; futurebeeai-c067,asserted_only,futurebeeai-c055; futurebeeai-c063; futurebeeai-c068; futurebeeai-c081; futurebeeai-c135,one_off,futurebeeai-c107; futurebeeai-c106; futurebeeai-c115; futurebeeai-c084,both,futurebeeai-c052; futurebeeai-c053; futurebeeai-c073; futurebeeai-c119; futurebeeai-c003,contractual_deletion,futurebeeai-c024; futurebeeai-c144; futurebeeai-c143,operator_verified,futurebeeai-c101; futurebeeai-c102; futurebeeai-c128; futurebeeai-c038
macgence,Macgence,ai_data_catalogue,light,active,reseller_licensor,macgence-c010; macgence-c014,principal_margin,macgence-c014; macgence-c015; macgence-c034,not_applicable,,own_collection; partner_licensed,macgence-c015; macgence-c025; macgence-c026; macgence-c045; macgence-c043,copy_to_buyer,macgence-c016,contact_sales,macgence-c006; macgence-c037; macgence-c038,some,macgence-c034; macgence-c035; macgence-c036,mixed,macgence-c011; macgence-c004; macgence-c007; macgence-c005,yes,macgence-c005,public_indexable,macgence-c050; macgence-c032,unknown,,sample_on_request,macgence-c038,unknown,,not_addressed,macgence-c017; macgence-c027; macgence-c039,unknown,,both,macgence-c042; macgence-c040; macgence-c029,contractual_deletion,macgence-c019; macgence-c020,provider_asserted,macgence-c041
nexdata,Nexdata,ai_data_catalogue,deep,active,reseller_licensor,nexdata-c046; nexdata-c050; nexdata-c025; nexdata-c082,principal_margin,nexdata-c082; nexdata-c050; nexdata-c078; nexdata-c007,not_applicable,,own_collection; partner_licensed,nexdata-c003; nexdata-c094; nexdata-c097; nexdata-c010; nexdata-c018; nexdata-c021; nexdata-c083; nexdata-c084; nexdata-c085; nexdata-c099,copy_to_buyer,nexdata-c055; nexdata-c103; nexdata-c104,contact_sales,nexdata-c026; nexdata-c028; nexdata-c012; nexdata-c081; nexdata-c039,some,nexdata-c078; nexdata-c079; nexdata-c080,mixed,nexdata-c048; nexdata-c061; nexdata-c011; nexdata-c025,unknown,,public_indexable,nexdata-c009; nexdata-c036; nexdata-c030,case_by_case,nexdata-c039; nexdata-c029; nexdata-c061,sample_on_request,nexdata-c027; nexdata-c030,unknown,,asserted_only,nexdata-c035; nexdata-c075; nexdata-c086; nexdata-c015,unknown,,both,nexdata-c017; nexdata-c014; nexdata-c006; nexdata-c091,contractual_deletion,nexdata-c055; nexdata-c054,operator_verified,nexdata-c065; nexdata-c066; nexdata-c067; nexdata-c032; nexdata-c086
pixta-ai,PIXTA AI,ai_data_catalogue,deep,active,mixed,pixta-ai-c011; pixta-ai-c010; pixta-ai-c006; pixta-ai-c104; pixta-ai-c083,mixed,pixta-ai-c030; pixta-ai-c127; pixta-ai-c114; pixta-ai-c065,seller,pixta-ai-c030,own_collection; contributor_uploads; third_party_providers,pixta-ai-c065; pixta-ai-c075; pixta-ai-c048; pixta-ai-c103; pixta-ai-c134; pixta-ai-c051; pixta-ai-c053; pixta-ai-c047,mixed,pixta-ai-c011; pixta-ai-c068; pixta-ai-c084,contact_sales,pixta-ai-c008; pixta-ai-c050; pixta-ai-c083; pixta-ai-c066; pixta-ai-c130,some,pixta-ai-c059; pixta-ai-c079; pixta-ai-c090; pixta-ai-c086,mixed,pixta-ai-c006; pixta-ai-c020; pixta-ai-c070; pixta-ai-c130,unknown,,public_summary_gated_detail,pixta-ai-c049,account_only,pixta-ai-c017; pixta-ai-c018; pixta-ai-c013,sample_on_request,pixta-ai-c021; pixta-ai-c049; pixta-ai-c082; pixta-ai-c067,unknown,,asserted_only,pixta-ai-c026; pixta-ai-c027; pixta-ai-c028; pixta-ai-c080; pixta-ai-c053,mixed,pixta-ai-c127; pixta-ai-c114; pixta-ai-c133; pixta-ai-c135,both,pixta-ai-c043; pixta-ai-c074; pixta-ai-c063; pixta-ai-c085; pixta-ai-c050,takedown_only,pixta-ai-c112; pixta-ai-c113; pixta-ai-c038; pixta-ai-c037,both,pixta-ai-c089; pixta-ai-c057; pixta-ai-c054; pixta-ai-c034
shaip,Shaip,ai_data_catalogue,light,acquired,reseller_licensor,shaip-c006; shaip-c009; shaip-c026; shaip-c025,principal_margin,shaip-c009; shaip-c016; shaip-c043; shaip-c026,not_applicable,,own_collection; third_party_providers; partner_licensed; public_or_scraped,shaip-c041; shaip-c043; shaip-c049; shaip-c025; shaip-c026; shaip-c020; shaip-c021,copy_to_buyer,shaip-c018; shaip-c032; shaip-c051,contact_sales,shaip-c016; shaip-c006; shaip-c031,none,shaip-c016; shaip-c031; shaip-c052,negotiated,shaip-c009; shaip-c006; shaip-c052,unknown,shaip-c028,public_summary_gated_detail,shaip-c047; shaip-c048; shaip-c025,unknown,,sample_on_request,shaip-c010; shaip-c024; shaip-c053; shaip-c029,unknown,,asserted_only,shaip-c022; shaip-c017; shaip-c030; shaip-c047,one_off,shaip-c039; shaip-c040,both,shaip-c015; shaip-c027; shaip-c042; shaip-c011,unknown,,operator_verified,shaip-c019; shaip-c012; shaip-c049
unidata,Unidata,ai_data_catalogue,light,active,reseller_licensor,unidata-c022; unidata-c016; unidata-c003,principal_margin,unidata-c022; unidata-c011; unidata-c013,not_applicable,,own_collection,unidata-c011; unidata-c012; unidata-c013; unidata-c014; unidata-c049,copy_to_buyer,unidata-c017; unidata-c030,contact_sales,unidata-c016; unidata-c017; unidata-c018,none,unidata-c010; unidata-c018,mixed,unidata-c022; unidata-c023; unidata-c024,unknown,,public_indexable,unidata-c008; unidata-c009; unidata-c010,unknown,,free_sample_download,unidata-c032; unidata-c033; unidata-c022,unknown,,asserted_only,unidata-c025; unidata-c026; unidata-c027,unknown,,both,unidata-c035; unidata-c039; unidata-c002,unknown,,unknown,
aws-data-exchange,AWS Data Exchange,cloud_exchange,deep,active,venue,aws-data-exchange-c074; aws-data-exchange-c118; aws-data-exchange-c047; aws-data-exchange-c088; aws-data-exchange-c017,commission,aws-data-exchange-c050; aws-data-exchange-c051; aws-data-exchange-c052; aws-data-exchange-c053; aws-data-exchange-c054; aws-data-exchange-c126; aws-data-exchange-c058; aws-data-exchange-c059,seller,aws-data-exchange-c126; aws-data-exchange-c017; aws-data-exchange-c058; aws-data-exchange-c129,third_party_providers; public_or_scraped,aws-data-exchange-c009; aws-data-exchange-c049; aws-data-exchange-c012; aws-data-exchange-c076,mixed,aws-data-exchange-c013; aws-data-exchange-c028; aws-data-exchange-c014; aws-data-exchange-c025; aws-data-exchange-c026; aws-data-exchange-c098,both,aws-data-exchange-c033; aws-data-exchange-c016; aws-data-exchange-c097; aws-data-exchange-c105; aws-data-exchange-c111; aws-data-exchange-c113,some,aws-data-exchange-c006; aws-data-exchange-c114; aws-data-exchange-c107; aws-data-exchange-c113,provider_defined,aws-data-exchange-c035; aws-data-exchange-c036; aws-data-exchange-c034; aws-data-exchange-c063,unknown,,public_indexable,aws-data-exchange-c107; aws-data-exchange-c114; aws-data-exchange-c127,account_only,aws-data-exchange-c033; aws-data-exchange-c015,free_sample_download,aws-data-exchange-c085; aws-data-exchange-c103; aws-data-exchange-c107,immutable_revisions,aws-data-exchange-c022; aws-data-exchange-c027; aws-data-exchange-c083,asserted_only,aws-data-exchange-c067; aws-data-exchange-c068; aws-data-exchange-c040; aws-data-exchange-c041,not_applicable,aws-data-exchange-c009; aws-data-exchange-c017,both,aws-data-exchange-c123; aws-data-exchange-c016; aws-data-exchange-c109; aws-data-exchange-c111; aws-data-exchange-c121,contractual_deletion,aws-data-exchange-c071; aws-data-exchange-c082,provider_asserted,aws-data-exchange-c043; aws-data-exchange-c075; aws-data-exchange-c005; aws-data-exchange-c085
snowflake-marketplace,Snowflake Marketplace,cloud_exchange,light,active,venue,snowflake-marketplace-c002; snowflake-marketplace-c003; snowflake-marketplace-c028; snowflake-marketplace-c073,commission,snowflake-marketplace-c009; snowflake-marketplace-c010; snowflake-marketplace-c070,seller,snowflake-marketplace-c009; snowflake-marketplace-c010; snowflake-marketplace-c070,third_party_providers,snowflake-marketplace-c047; snowflake-marketplace-c052; snowflake-marketplace-c054,share_in_place,snowflake-marketplace-c025; snowflake-marketplace-c030; snowflake-marketplace-c032,both,snowflake-marketplace-c021; snowflake-marketplace-c067; snowflake-marketplace-c040; snowflake-marketplace-c041; snowflake-marketplace-c046,unknown,,provider_defined,snowflake-marketplace-c003; snowflake-marketplace-c026; snowflake-marketplace-c058; snowflake-marketplace-c059,unknown,,unknown,,account_only,snowflake-marketplace-c023; snowflake-marketplace-c069; snowflake-marketplace-c022,preview_in_browser,snowflake-marketplace-c063; snowflake-marketplace-c062; snowflake-marketplace-c060; snowflake-marketplace-c020,mutable_latest,snowflake-marketplace-c025; snowflake-marketplace-c065,asserted_only,snowflake-marketplace-c007; snowflake-marketplace-c008,not_applicable,snowflake-marketplace-c047,catalogue_only,snowflake-marketplace-c052; snowflake-marketplace-c038; snowflake-marketplace-c040,unknown,,provider_asserted,snowflake-marketplace-c014; snowflake-marketplace-c066; snowflake-marketplace-c013
hugging-face-hub,Hugging Face Hub (datasets),community_hub,light,active,venue,hugging-face-hub-c014; hugging-face-hub-c015; hugging-face-hub-c016; hugging-face-hub-c063; hugging-face-hub-c066,free,hugging-face-hub-c014; hugging-face-hub-c034; hugging-face-hub-c043; hugging-face-hub-c045,not_applicable,hugging-face-hub-c034,contributor_uploads; third_party_providers; own_collection; public_or_scraped,hugging-face-hub-c076; hugging-face-hub-c066; hugging-face-hub-c072; hugging-face-hub-c054; hugging-face-hub-c077,platform_hosted,hugging-face-hub-c060; hugging-face-hub-c057; hugging-face-hub-c041,free_download,hugging-face-hub-c003; hugging-face-hub-c071; hugging-face-hub-c060,not_applicable,hugging-face-hub-c043; hugging-face-hub-c037,provider_defined,hugging-face-hub-c063; hugging-face-hub-c064; hugging-face-hub-c024; hugging-face-hub-c066; hugging-face-hub-c072,unknown,,public_indexable,hugging-face-hub-c027; hugging-face-hub-c030; hugging-face-hub-c047,case_by_case,hugging-face-hub-c004; hugging-face-hub-c009; hugging-face-hub-c003; hugging-face-hub-c012,preview_in_browser,hugging-face-hub-c030; hugging-face-hub-c031; hugging-face-hub-c032,mixed,hugging-face-hub-c057; hugging-face-hub-c059; hugging-face-hub-c039; hugging-face-hub-c061; hugging-face-hub-c062,not_addressed,hugging-face-hub-c073; hugging-face-hub-c016; hugging-face-hub-c026,not_applicable,hugging-face-hub-c014; hugging-face-hub-c015,catalogue_only,hugging-face-hub-c076; hugging-face-hub-c047,takedown_only,hugging-face-hub-c019; hugging-face-hub-c029; hugging-face-hub-c028; hugging-face-hub-c005,provider_asserted,hugging-face-hub-c022; hugging-face-hub-c025; hugging-face-hub-c030
bee-maps,Bee Maps,crowd_capture,light,active,reseller_licensor,bee-maps-c023; bee-maps-c052; bee-maps-c062,principal_margin,bee-maps-c023; bee-maps-c005; bee-maps-c006; bee-maps-c004,not_applicable,,contributor_uploads,bee-maps-c024; bee-maps-c023; bee-maps-c066; bee-maps-c067; bee-maps-c026,copy_to_buyer,bee-maps-c047; bee-maps-c048,both,bee-maps-c015; bee-maps-c016; bee-maps-c018; bee-maps-c068; bee-maps-c014,all,bee-maps-c005; bee-maps-c006; bee-maps-c007; bee-maps-c008; bee-maps-c011,unknown,,unknown,,public_summary_gated_detail,bee-maps-c005; bee-maps-c051,account_only,bee-maps-c019; bee-maps-c018; bee-maps-c051,free_sample_download,bee-maps-c018,unknown,bee-maps-c049,unknown,bee-maps-c058; bee-maps-c060,mixed,bee-maps-c039; bee-maps-c038; bee-maps-c004; bee-maps-c043,both,bee-maps-c069; bee-maps-c042; bee-maps-c046,unknown,bee-maps-c060,unknown,
dataseeds-ai,DataSeeds.AI,crowd_capture,light,active,reseller_licensor,dataseeds-ai-c012; dataseeds-ai-c016; dataseeds-ai-c007; dataseeds-ai-c024,principal_margin,dataseeds-ai-c012; dataseeds-ai-c025; dataseeds-ai-c007,unknown,,contributor_uploads; partner_licensed,dataseeds-ai-c011; dataseeds-ai-c040; dataseeds-ai-c032; dataseeds-ai-c015; dataseeds-ai-c056; dataseeds-ai-c055,copy_to_buyer,dataseeds-ai-c031,contact_sales,dataseeds-ai-c025; dataseeds-ai-c041; dataseeds-ai-c046,none,dataseeds-ai-c025; dataseeds-ai-c026,negotiated,dataseeds-ai-c041; dataseeds-ai-c026; dataseeds-ai-c035; dataseeds-ai-c022; dataseeds-ai-c037,unknown,,public_indexable,dataseeds-ai-c023; dataseeds-ai-c047,unknown,,free_sample_download,dataseeds-ai-c037; dataseeds-ai-c038; dataseeds-ai-c030; dataseeds-ai-c047,unknown,,asserted_only,dataseeds-ai-c027; dataseeds-ai-c036; dataseeds-ai-c039,unknown,dataseeds-ai-c054; dataseeds-ai-c061; dataseeds-ai-c059,both,dataseeds-ai-c014; dataseeds-ai-c063; dataseeds-ai-c050; dataseeds-ai-c018,unknown,,operator_verified,dataseeds-ai-c058; dataseeds-ai-c019; dataseeds-ai-c043; dataseeds-ai-c062
empiric-earth,Empiric Earth,crowd_capture,light,active,reseller_licensor,empiric-earth-c012; empiric-earth-c013; empiric-earth-c020; empiric-earth-c040,principal_margin,empiric-earth-c013; empiric-earth-c014; empiric-earth-c020,not_applicable,,contributor_uploads; commissioned_nonexclusive,empiric-earth-c012; empiric-earth-c013; empiric-earth-c023; empiric-earth-c061; empiric-earth-c042; empiric-earth-c043; empiric-earth-c044,platform_hosted,empiric-earth-c030; empiric-earth-c031,contact_sales,empiric-earth-c033; empiric-earth-c057,none,empiric-earth-c033; empiric-earth-c057,unknown,,unknown,,unknown,,unknown,,sample_on_request,empiric-earth-c034,unknown,,unknown,,none,empiric-earth-c014; empiric-earth-c063,both,empiric-earth-c027; empiric-earth-c032; empiric-earth-c038; empiric-earth-c055,unknown,,operator_verified,empiric-earth-c027; empiric-earth-c029
karya,Karya,crowd_capture,light,active,reseller_licensor,karya-c020; karya-c022; karya-c006,principal_margin,karya-c006; karya-c031; karya-c020,not_applicable,,own_collection; commissioned_nonexclusive,karya-c006; karya-c007; karya-c031; karya-c034,unknown,,contact_sales,karya-c038; karya-c015,none,karya-c018; karya-c019,unknown,,unknown,,public_indexable,karya-c018; karya-c017,unknown,,free_sample_download,karya-c017; karya-c034; karya-c043,unknown,,unknown,karya-c037,mixed,karya-c032; karya-c024; karya-c002; karya-c025,both,karya-c011; karya-c012; karya-c006,unknown,,unknown,karya-c027
kled,Kled,crowd_capture,deep,active,reseller_licensor,kled-c095; kled-c101; kled-c102; kled-c130; kled-c103,principal_margin,kled-c075; kled-c113; kled-c065; kled-c064; kled-c134,unknown,,contributor_uploads; partner_licensed,kled-c039; kled-c113; kled-c056; kled-c011; kled-c012; kled-c013; kled-c016; kled-c052,copy_to_buyer,kled-c042; kled-c043; kled-c045; kled-c041,contact_sales,kled-c038; kled-c088; kled-c004,none,kled-c038; kled-c034,unknown,,unknown,,public_summary_gated_detail,kled-c033; kled-c034; kled-c037; kled-c031; kled-c032; kled-c088,unknown,,sample_on_request,kled-c088; kled-c033,unknown,,asserted_only,kled-c109; kled-c111; kled-c131; kled-c085; kled-c084; kled-c110,one_off,kled-c113; kled-c064; kled-c065; kled-c067; kled-c071; kled-c072; kled-c059,both,kled-c033; kled-c055; kled-c058; kled-c005,takedown_only,kled-c092; kled-c093; kled-c117; kled-c132; kled-c102,operator_verified,kled-c080; kled-c081; kled-c082; kled-c083; kled-c076; kled-c079
luel,Luel,crowd_capture,deep,active,reseller_licensor,luel-c036; luel-c037; luel-c113; luel-c138,mixed,luel-c019; luel-c020; luel-c021; luel-c039; luel-c141,seller,luel-c039,own_collection; contributor_uploads; commissioned_nonexclusive; third_party_providers; partner_licensed,luel-c023; luel-c020; luel-c024; luel-c017; luel-c022; luel-c027; luel-c021; luel-c030; luel-c031,copy_to_buyer,luel-c071; luel-c097; luel-c096; luel-c121; luel-c045,both,luel-c071; luel-c074; luel-c062; luel-c070,some,luel-c074; luel-c075,mixed,luel-c113; luel-c064; luel-c036,unknown,,public_indexable,luel-c054; luel-c056,account_only,luel-c083; luel-c086; luel-c084; luel-c087,sample_on_request,luel-c063; luel-c106; luel-c107; luel-c108,unknown,,provided_to_buyer,luel-c099; luel-c135; luel-c136; luel-c126,one_off,luel-c141; luel-c145; luel-c147; luel-c148,both,luel-c013; luel-c014; luel-c015; luel-c061,contractual_deletion,luel-c123; luel-c121; luel-c152; luel-c124,operator_verified,luel-c109; luel-c110; luel-c052; luel-c104
everalbum,Everalbum,failure,light,active,not_applicable,everalbum-c030; everalbum-c039,not_applicable,,not_applicable,everalbum-c030,contributor_uploads; public_or_scraped; own_collection; third_party_providers,everalbum-c022; everalbum-c046; everalbum-c051,not_applicable,,not_applicable,,not_applicable,everalbum-c030,not_applicable,,not_applicable,,not_applicable,,case_by_case,everalbum-c050; everalbum-c049,not_applicable,,not_applicable,,not_addressed,everalbum-c031; everalbum-c032; everalbum-c022; everalbum-c011,none,everalbum-c038; everalbum-c022,not_applicable,,unknown,,not_applicable,
ibm-diversity-in-faces,IBM Diversity in Faces,failure,light,unknown,not_applicable,ibm-diversity-in-faces-c017; ibm-diversity-in-faces-c016,free,ibm-diversity-in-faces-c015,not_applicable,ibm-diversity-in-faces-c015,public_or_scraped,ibm-diversity-in-faces-c008; ibm-diversity-in-faces-c009,mixed,ibm-diversity-in-faces-c017; ibm-diversity-in-faces-c025; ibm-diversity-in-faces-c039; ibm-diversity-in-faces-c018,free_download,ibm-diversity-in-faces-c015; ibm-diversity-in-faces-c021,not_applicable,ibm-diversity-in-faces-c015,standard_licence,ibm-diversity-in-faces-c016; ibm-diversity-in-faces-c046,no,ibm-diversity-in-faces-c015; ibm-diversity-in-faces-c020,public_summary_gated_detail,ibm-diversity-in-faces-c052; ibm-diversity-in-faces-c053; ibm-diversity-in-faces-c015,case_by_case,ibm-diversity-in-faces-c017; ibm-diversity-in-faces-c022; ibm-diversity-in-faces-c019,stats_only,ibm-diversity-in-faces-c053,mutable_latest,ibm-diversity-in-faces-c021; ibm-diversity-in-faces-c023; ibm-diversity-in-faces-c024,not_addressed,ibm-diversity-in-faces-c049; ibm-diversity-in-faces-c031; ibm-diversity-in-faces-c009; ibm-diversity-in-faces-c030,not_applicable,ibm-diversity-in-faces-c009; ibm-diversity-in-faces-c055,unknown,,takedown_only,ibm-diversity-in-faces-c047; ibm-diversity-in-faces-c048; ibm-diversity-in-faces-c024,provider_asserted,ibm-diversity-in-faces-c053; ibm-diversity-in-faces-c026
laion-5b,LAION-5B,failure,light,active,not_applicable,laion-5b-c029; laion-5b-c031; laion-5b-c037,free,laion-5b-c031; laion-5b-c029,not_applicable,laion-5b-c031,public_or_scraped,laion-5b-c021; laion-5b-c012,mixed,laion-5b-c013; laion-5b-c014; laion-5b-c018; laion-5b-c028,free_download,laion-5b-c018; laion-5b-c001; laion-5b-c031,not_applicable,laion-5b-c031,open_licences,laion-5b-c015; laion-5b-c016; laion-5b-c017,no,laion-5b-c015; laion-5b-c016,public_summary_gated_detail,laion-5b-c001; laion-5b-c018,account_only,laion-5b-c001; laion-5b-c018,unknown,,unknown,laion-5b-c009; laion-5b-c010; laion-5b-c020,not_addressed,laion-5b-c023; laion-5b-c027; laion-5b-c017,not_applicable,laion-5b-c021,unknown,,takedown_only,laion-5b-c027; laion-5b-c019; laion-5b-c020; laion-5b-c028,provider_asserted,laion-5b-c033; laion-5b-c038; laion-5b-c036; laion-5b-c012
twentybn,TwentyBN (Twenty Billion Neurons GmbH),failure,light,acquired,reseller_licensor,twentybn-c022; twentybn-c039; twentybn-c038,unknown,,unknown,,own_collection,twentybn-c009; twentybn-c018; twentybn-c034,copy_to_buyer,twentybn-c026; twentybn-c039; twentybn-c040,unknown,,unknown,,unknown,twentybn-c023; twentybn-c038,unknown,,unknown,,unknown,,unknown,,unknown,twentybn-c010; twentybn-c027,not_addressed,twentybn-c028,one_off,twentybn-c012; twentybn-c019; twentybn-c043,unknown,,unknown,twentybn-c037,operator_verified,twentybn-c013; twentybn-c020
wejo,Wejo Group Limited,failure,light,shut,mixed,wejo-c039; wejo-c041; wejo-c047; wejo-c048; wejo-c029,revenue_share,wejo-c040; wejo-c049; wejo-c055,seller,wejo-c040; wejo-c049,partner_licensed,wejo-c039; wejo-c025; wejo-c023; wejo-c052,mixed,wejo-c031; wejo-c032; wejo-c052; wejo-c044,contact_sales,wejo-c051; wejo-c053; wejo-c041; wejo-c018,unknown,,unknown,,unknown,,unknown,,case_by_case,wejo-c041,unknown,,unknown,,unknown,wejo-c036; wejo-c035; wejo-c046,not_applicable,,catalogue_only,wejo-c028; wejo-c030; wejo-c021,contractual_deletion,wejo-c044; wejo-c043,unknown,
aikosh,AIKosh (IndiaAI Datasets Platform),government,light,active,venue,aikosh-c004; aikosh-c006; aikosh-c008; aikosh-c010; aikosh-c044,free,aikosh-c072; aikosh-c042,not_applicable,,third_party_providers; public_or_scraped,aikosh-c021; aikosh-c022; aikosh-c036; aikosh-c037; aikosh-c053; aikosh-c055,mixed,aikosh-c041; aikosh-c038; aikosh-c053; aikosh-c056,free_download,aikosh-c011; aikosh-c072; aikosh-c012; aikosh-c014,not_applicable,,provider_defined,aikosh-c007; aikosh-c008; aikosh-c061; aikosh-c054,unknown,,public_indexable,aikosh-c070; aikosh-c045,account_only,aikosh-c046; aikosh-c043; aikosh-c012,preview_in_browser,aikosh-c047,immutable_revisions,aikosh-c050; aikosh-c034; aikosh-c060,not_addressed,aikosh-c020; aikosh-c057; aikosh-c071,none,aikosh-c006; aikosh-c072,catalogue_only,aikosh-c020; aikosh-c066,takedown_only,aikosh-c051; aikosh-c067; aikosh-c009,both,aikosh-c033; aikosh-c026; aikosh-c048; aikosh-c069
korea-ai-hub,AI-Hub (Korea),government,light,active,mixed,korea-ai-hub-c007; korea-ai-hub-c020; korea-ai-hub-c037; korea-ai-hub-c023,free,korea-ai-hub-c024; korea-ai-hub-c059,not_applicable,korea-ai-hub-c024,own_collection; third_party_providers,korea-ai-hub-c006; korea-ai-hub-c007; korea-ai-hub-c066; korea-ai-hub-c075; korea-ai-hub-c002; korea-ai-hub-c057; korea-ai-hub-c038,mixed,korea-ai-hub-c047; korea-ai-hub-c030; korea-ai-hub-c033; korea-ai-hub-c037; korea-ai-hub-c035; korea-ai-hub-c070,free_download,korea-ai-hub-c049; korea-ai-hub-c018; korea-ai-hub-c024,not_applicable,korea-ai-hub-c024,mixed,korea-ai-hub-c008; korea-ai-hub-c048; korea-ai-hub-c020; korea-ai-hub-c021,unknown,,public_indexable,korea-ai-hub-c019; korea-ai-hub-c067,case_by_case,korea-ai-hub-c018; korea-ai-hub-c050; korea-ai-hub-c044; korea-ai-hub-c031; korea-ai-hub-c032,free_sample_download,korea-ai-hub-c063,unknown,,asserted_only,korea-ai-hub-c071; korea-ai-hub-c074; korea-ai-hub-c040,not_applicable,korea-ai-hub-c024; korea-ai-hub-c072,catalogue_only,korea-ai-hub-c006; korea-ai-hub-c034,contractual_deletion,korea-ai-hub-c016; korea-ai-hub-c012,unknown,
datarade,Datarade,independent_marketplace,light,active,venue,datarade-c003; datarade-c004; datarade-c006; datarade-c014,mixed,datarade-c024; datarade-c029; datarade-c030; datarade-c031; datarade-c032; datarade-c033; datarade-c008,seller,datarade-c024; datarade-c013; datarade-c029; datarade-c063,third_party_providers,datarade-c020; datarade-c061; datarade-c007; datarade-c026,provider_delivers,datarade-c066; datarade-c044; datarade-c069,contact_sales,datarade-c005; datarade-c056; datarade-c047; datarade-c019; datarade-c074,some,datarade-c040; datarade-c052; datarade-c039; datarade-c030,provider_defined,datarade-c014; datarade-c003; datarade-c069,unknown,,public_summary_gated_detail,datarade-c039; datarade-c046; datarade-c010; datarade-c068,account_only,datarade-c012; datarade-c067; datarade-c072,preview_in_browser,datarade-c010; datarade-c046; datarade-c018; datarade-c041,unknown,,asserted_only,datarade-c015; datarade-c060; datarade-c042; datarade-c045,not_applicable,datarade-c020,both,datarade-c076; datarade-c062; datarade-c064; datarade-c025; datarade-c059,unknown,,provider_asserted,datarade-c006; datarade-c017; datarade-c043; datarade-c009
opendatabay,Opendatabay,independent_marketplace,deep,active,agent,opendatabay-c022; opendatabay-c025; opendatabay-c111; opendatabay-c136,commission,opendatabay-c038; opendatabay-c044; opendatabay-c037,seller,opendatabay-c048; opendatabay-c055,third_party_providers; public_or_scraped,opendatabay-c056; opendatabay-c150; opendatabay-c172; opendatabay-c174,mixed,opendatabay-c105; opendatabay-c096; opendatabay-c107; opendatabay-c155,both,opendatabay-c167; opendatabay-c099; opendatabay-c108; opendatabay-c049,some,opendatabay-c151; opendatabay-c159; opendatabay-c153,provider_defined,opendatabay-c024; opendatabay-c027; opendatabay-c133,unknown,,public_indexable,opendatabay-c062; opendatabay-c116,account_only,opendatabay-c090; opendatabay-c112,free_sample_download,opendatabay-c090; opendatabay-c127; opendatabay-c168,unknown,,asserted_only,opendatabay-c076; opendatabay-c081; opendatabay-c078; opendatabay-c156,not_applicable,opendatabay-c119,both,opendatabay-c097; opendatabay-c177,contractual_deletion,opendatabay-c140; opendatabay-c073,provider_asserted,opendatabay-c184; opendatabay-c091; opendatabay-c157
human-native,Human Native,licensing_marketplace,light,acquired,unknown,human-native-c012; human-native-c013,commission,human-native-c013; human-native-c012,unknown,human-native-c013,third_party_providers,human-native-c012; human-native-c017,unknown,human-native-c012,unknown,human-native-c012; human-native-c019,unknown,,unknown,human-native-c019,unknown,,unknown,,unknown,,unknown,,unknown,,unknown,,unknown,human-native-c012; human-native-c008,unknown,human-native-c012,unknown,,unknown,human-native-c014; human-native-c010
protege,Protege,licensing_marketplace,deep,active,reseller_licensor,protege-c005; protege-c017; protege-c036; protege-c004,revenue_share,protege-c056; protege-c093; protege-c097; protege-c115; protege-c122,both,protege-c002; protege-c122; protege-c115,third_party_providers,protege-c033; protege-c058; protege-c108; protege-c141; protege-c131,copy_to_buyer,protege-c122; protege-c142; protege-c026; protege-c099; protege-c105,contact_sales,protege-c067; protege-c074; protege-c016; protege-c007,none,protege-c067; protege-c002; protege-c016,negotiated,protege-c007; protege-c016; protege-c114; protege-c037,no,protege-c005; protege-c017; protege-c035,login_required,protege-c137; protege-c002; protege-c011,unknown,,sample_on_request,protege-c149; protege-c138; protege-c003,unknown,,not_addressed,protege-c152; protege-c153; protege-c020; protege-c040,unknown,,both,protege-c068; protege-c151; protege-c147; protege-c070,contractual_deletion,protege-c025; protege-c026; protege-c010,operator_verified,protege-c145; protege-c146; protege-c071; protege-c143; protege-c100
troveo,Troveo,licensing_marketplace,deep,active,reseller_licensor,troveo-c086; troveo-c079; troveo-c042; troveo-c114; troveo-c018,revenue_share,troveo-c118; troveo-c074; troveo-c052; troveo-c013,seller,troveo-c074; troveo-c119,third_party_providers; contributor_uploads,troveo-c116; troveo-c003; troveo-c121; troveo-c015; troveo-c072; troveo-c009; troveo-c064,copy_to_buyer,troveo-c111; troveo-c115; troveo-c101; troveo-c039; troveo-c015,contact_sales,troveo-c012; troveo-c041; troveo-c112; troveo-c028; troveo-c114,none,troveo-c041; troveo-c010; troveo-c012,negotiated,troveo-c112; troveo-c041; troveo-c028,yes,troveo-c041; troveo-c053,public_summary_gated_detail,troveo-c010; troveo-c012; troveo-c106; troveo-c018,unknown,,sample_on_request,troveo-c113; troveo-c029; troveo-c036,unknown,,asserted_only,troveo-c007; troveo-c084; troveo-c071; troveo-c037,royalty_or_revenue_share,troveo-c013; troveo-c052; troveo-c023; troveo-c116,both,troveo-c010; troveo-c063; troveo-c049; troveo-c043,takedown_only,troveo-c077; troveo-c078; troveo-c076,operator_verified,troveo-c019; troveo-c065; troveo-c101; troveo-c030
elra-elda-catalogue,ELRA / ELDA Catalogue,priced_catalogue,light,active,reseller_licensor,elra-elda-catalogue-c028; elra-elda-catalogue-c029; elra-elda-catalogue-c008,mixed,elra-elda-catalogue-c009; elra-elda-catalogue-c018; elra-elda-catalogue-c012,unknown,,third_party_providers; own_collection,elra-elda-catalogue-c008; elra-elda-catalogue-c016; elra-elda-catalogue-c018,copy_to_buyer,elra-elda-catalogue-c044; elra-elda-catalogue-c046; elra-elda-catalogue-c009,both,elra-elda-catalogue-c047; elra-elda-catalogue-c039; elra-elda-catalogue-c041; elra-elda-catalogue-c065,some,elra-elda-catalogue-c048; elra-elda-catalogue-c050; elra-elda-catalogue-c052,tiered_standard,elra-elda-catalogue-c020; elra-elda-catalogue-c022; elra-elda-catalogue-c021; elra-elda-catalogue-c023; elra-elda-catalogue-c024,no,elra-elda-catalogue-c027; elra-elda-catalogue-c037,public_indexable,elra-elda-catalogue-c006; elra-elda-catalogue-c052; elra-elda-catalogue-c059,unknown,,unknown,,unknown,,not_addressed,elra-elda-catalogue-c036; elra-elda-catalogue-c015; elra-elda-catalogue-c060,unknown,,both,elra-elda-catalogue-c006; elra-elda-catalogue-c063,not_addressed,elra-elda-catalogue-c036; elra-elda-catalogue-c031,both,elra-elda-catalogue-c019; elra-elda-catalogue-c013; elra-elda-catalogue-c017
ldc,Linguistic Data Consortium,priced_catalogue,light,active,reseller_licensor,ldc-c013; ldc-c021; ldc-c049,mixed,ldc-c031; ldc-c028; ldc-c060,unknown,,own_collection; commissioned_nonexclusive; third_party_providers,ldc-c006; ldc-c057; ldc-c060; ldc-c047; ldc-c049; ldc-c062,copy_to_buyer,ldc-c042; ldc-c044; ldc-c018,self_serve_checkout,ldc-c059; ldc-c039; ldc-c041,some,ldc-c031; ldc-c033; ldc-c055,tiered_standard,ldc-c009; ldc-c010; ldc-c012,unknown,,public_summary_gated_detail,ldc-c054; ldc-c055,account_only,ldc-c070; ldc-c071,free_sample_download,ldc-c054; ldc-c058,immutable_revisions,ldc-c053; ldc-c068; ldc-c038,unknown,ldc-c050; ldc-c069; ldc-c017,unknown,,both,ldc-c060; ldc-c061; ldc-c007,unknown,,operator_verified,ldc-c051
vaisual,vAIsual,priced_catalogue,light,active,reseller_licensor,vaisual-c007; vaisual-c004; vaisual-c021; vaisual-c022,mixed,vaisual-c021; vaisual-c026; vaisual-c023,not_applicable,,own_collection; partner_licensed,vaisual-c021; vaisual-c033; vaisual-c022; vaisual-c023; vaisual-c025; vaisual-c026,copy_to_buyer,vaisual-c054; vaisual-c055,both,vaisual-c051; vaisual-c052; vaisual-c050; vaisual-c068,some,vaisual-c042; vaisual-c044; vaisual-c047; vaisual-c049; vaisual-c050,tiered_standard,vaisual-c016; vaisual-c015; vaisual-c043; vaisual-c057; vaisual-c056,unknown,vaisual-c007; vaisual-c066,public_indexable,vaisual-c047; vaisual-c049; vaisual-c035,account_only,vaisual-c020; vaisual-c019,free_sample_download,vaisual-c060; vaisual-c061,mutable_latest,vaisual-c056; vaisual-c057,provided_to_buyer,vaisual-c034; vaisual-c035; vaisual-c033; vaisual-c040,mixed,vaisual-c037; vaisual-c038; vaisual-c026,both,vaisual-c067; vaisual-c064; vaisual-c065; vaisual-c058,contractual_deletion,vaisual-c012; vaisual-c039,operator_verified,vaisual-c029; vaisual-c062
adobe-stock,Adobe Stock,stock_media,light,active,reseller_licensor,adobe-stock-c010; adobe-stock-c023; adobe-stock-c012,revenue_share,adobe-stock-c050; adobe-stock-c051,seller,adobe-stock-c050; adobe-stock-c052,contributor_uploads,adobe-stock-c056; adobe-stock-c006,copy_to_buyer,adobe-stock-c039; adobe-stock-c031,both,adobe-stock-c043; adobe-stock-c049,some,adobe-stock-c043; adobe-stock-c045; adobe-stock-c049,tiered_standard,adobe-stock-c024; adobe-stock-c026; adobe-stock-c027,no,adobe-stock-c011; adobe-stock-c024,unknown,,unknown,,free_sample_download,adobe-stock-c031; adobe-stock-c032,unknown,,asserted_only,adobe-stock-c014; adobe-stock-c015; adobe-stock-c033,royalty_or_revenue_share,adobe-stock-c050; adobe-stock-c051; adobe-stock-c002; adobe-stock-c005,catalogue_only,adobe-stock-c057,contractual_deletion,adobe-stock-c036; adobe-stock-c020,unknown,
getty-images,Getty Images,stock_media,light,active,reseller_licensor,getty-images-c014; getty-images-c024; getty-images-c069,revenue_share,getty-images-c011; getty-images-c049; getty-images-c029,seller,getty-images-c011; getty-images-c049,own_collection; contributor_uploads; partner_licensed,getty-images-c014; getty-images-c010; getty-images-c049; getty-images-c050; getty-images-c064; getty-images-c057,copy_to_buyer,getty-images-c061; getty-images-c062; getty-images-c038,both,getty-images-c045; getty-images-c047; getty-images-c019; getty-images-c039; getty-images-c067; getty-images-c060,some,getty-images-c045; getty-images-c046; getty-images-c047; getty-images-c042; getty-images-c043; getty-images-c048; getty-images-c054,mixed,getty-images-c015; getty-images-c018; getty-images-c019; getty-images-c032,yes,getty-images-c017; getty-images-c032; getty-images-c044,public_indexable,getty-images-c053; getty-images-c054,unknown,,free_sample_download,getty-images-c026; getty-images-c036; getty-images-c037,unknown,,asserted_only,getty-images-c024; getty-images-c053; getty-images-c030; getty-images-c059; getty-images-c025,royalty_or_revenue_share,getty-images-c049; getty-images-c029; getty-images-c008,both,getty-images-c033; getty-images-c032; getty-images-c044; getty-images-c042,contractual_deletion,getty-images-c020; getty-images-c021,operator_verified,getty-images-c056; getty-images-c055
shutterstock,Shutterstock,stock_media,deep,active,reseller_licensor,shutterstock-c080; shutterstock-c078; shutterstock-c042; shutterstock-c098,revenue_share,shutterstock-c027; shutterstock-c124; shutterstock-c029,seller,shutterstock-c027; shutterstock-c124,contributor_uploads,shutterstock-c042; shutterstock-c064; shutterstock-c067; shutterstock-c069; shutterstock-c066,copy_to_buyer,shutterstock-c053; shutterstock-c016; shutterstock-c103; shutterstock-c023,contact_sales,shutterstock-c092; shutterstock-c111; shutterstock-c050,unknown,,mixed,shutterstock-c106; shutterstock-c051; shutterstock-c129; shutterstock-c026,unknown,,unknown,,unknown,,free_sample_download,shutterstock-c090; shutterstock-c091; shutterstock-c103,unknown,shutterstock-c097,asserted_only,shutterstock-c059; shutterstock-c061; shutterstock-c094; shutterstock-c095; shutterstock-c076,royalty_or_revenue_share,shutterstock-c027; shutterstock-c029; shutterstock-c028; shutterstock-c068,both,shutterstock-c093; shutterstock-c113; shutterstock-c112; shutterstock-c118,takedown_only,shutterstock-c122; shutterstock-c081; shutterstock-c044,operator_verified,shutterstock-c045; shutterstock-c046; shutterstock-c070; shutterstock-c072
wirestock,Wirestock,stock_media,deep,active,reseller_licensor,wirestock-c042; wirestock-c029; wirestock-c031; wirestock-c070; wirestock-c071,mixed,wirestock-c032; wirestock-c033; wirestock-c088; wirestock-c090; wirestock-c092,seller,wirestock-c033; wirestock-c088,contributor_uploads; own_collection,wirestock-c025; wirestock-c123; wirestock-c075; wirestock-c081; wirestock-c090; wirestock-c036,unknown,,contact_sales,wirestock-c100; wirestock-c101; wirestock-c107; wirestock-c116; wirestock-c120,none,wirestock-c107; wirestock-c100; wirestock-c031,negotiated,wirestock-c031; wirestock-c070,unknown,,public_indexable,wirestock-c103; wirestock-c104; wirestock-c109; wirestock-c110,case_by_case,wirestock-c030,free_sample_download,wirestock-c106,unknown,,asserted_only,wirestock-c112; wirestock-c108; wirestock-c122; wirestock-c049; wirestock-c053,mixed,wirestock-c032; wirestock-c088; wirestock-c090; wirestock-c092; wirestock-c086,both,wirestock-c022; wirestock-c102; wirestock-c019; wirestock-c020; wirestock-c127,takedown_only,wirestock-c060; wirestock-c061; wirestock-c063; wirestock-c131,operator_verified,wirestock-c113; wirestock-c114; wirestock-c124; wirestock-c084
build-ai,Build AI,vision_physical_ai,light,active,reseller_licensor,build-ai-c026; build-ai-c027; build-ai-c016,principal_margin,build-ai-c015; build-ai-c016; build-ai-c007,not_applicable,,own_collection,build-ai-c014; build-ai-c015; build-ai-c039; build-ai-c041; build-ai-c024,copy_to_buyer,build-ai-c035; build-ai-c037,contact_sales,build-ai-c013; build-ai-c033; build-ai-c051; build-ai-c017,none,build-ai-c030; build-ai-c013,mixed,build-ai-c036; build-ai-c026; build-ai-c017,unknown,,public_summary_gated_detail,build-ai-c037; build-ai-c049,case_by_case,build-ai-c033; build-ai-c034,free_sample_download,build-ai-c044; build-ai-c036; build-ai-c037,unknown,,not_addressed,build-ai-c047; build-ai-c020,one_off,build-ai-c022; build-ai-c015,both,build-ai-c009; build-ai-c013,unknown,,provider_asserted,build-ai-c011; build-ai-c045; build-ai-c046; build-ai-c023
poseidon,Poseidon,vision_physical_ai,deep,active,reseller_licensor,poseidon-c086; poseidon-c085; poseidon-c087; poseidon-c071; poseidon-c032,principal_margin,poseidon-c053; poseidon-c105; poseidon-c086; poseidon-c090; poseidon-c036,not_applicable,,own_collection,poseidon-c015; poseidon-c053; poseidon-c020; poseidon-c046; poseidon-c064,platform_hosted,poseidon-c049; poseidon-c041; poseidon-c024,contact_sales,poseidon-c036; poseidon-c069; poseidon-c052; poseidon-c136,none,poseidon-c036; poseidon-c069,mixed,poseidon-c032; poseidon-c040; poseidon-c047; poseidon-c048,unknown,,public_summary_gated_detail,poseidon-c032; poseidon-c035; poseidon-c041; poseidon-c036,unknown,,free_sample_download,poseidon-c041; poseidon-c033; poseidon-c047; poseidon-c062,unknown,,asserted_only,poseidon-c028; poseidon-c050; poseidon-c096; poseidon-c135,one_off,poseidon-c053; poseidon-c105; poseidon-c109; poseidon-c086; poseidon-c094,both,poseidon-c014; poseidon-c065; poseidon-c017; poseidon-c030,takedown_only,poseidon-c076; poseidon-c118,operator_verified,poseidon-c021; poseidon-c057; poseidon-c059; poseidon-c051; poseidon-c137; poseidon-c023
truelabel,truelabel,vision_physical_ai,deep,active,mixed,truelabel-c031; truelabel-c036; truelabel-c061; truelabel-c050,mixed,truelabel-c043; truelabel-c057; truelabel-c061; truelabel-c019,unknown,,own_collection; third_party_providers,truelabel-c004; truelabel-c061; truelabel-c002; truelabel-c022; truelabel-c111,copy_to_buyer,truelabel-c005; truelabel-c109,contact_sales,truelabel-c018; truelabel-c019; truelabel-c129; truelabel-c095,some,truelabel-c121; truelabel-c122; truelabel-c093,negotiated,truelabel-c014; truelabel-c037; truelabel-c015,yes,truelabel-c112; truelabel-c137; truelabel-c136,unknown,,case_by_case,truelabel-c042,sample_on_request,truelabel-c009; truelabel-c007; truelabel-c108,unknown,,provided_to_buyer,truelabel-c016; truelabel-c113; truelabel-c046,one_off,truelabel-c057; truelabel-c064; truelabel-c097; truelabel-c098,both,truelabel-c110; truelabel-c111; truelabel-c004,takedown_only,truelabel-c049; truelabel-c048; truelabel-c119; truelabel-c073,both,truelabel-c060; truelabel-c010; truelabel-c045; truelabel-c033
